district_id,eigen,rank
1,4.3005405222089e-4,243
2,9.416414477502224e-5,3854
3,7.36587528091092e-5,4189
4,1.4685543518458e-4,2981
5,2.5631579071122e-4,1219
6,2.2474071234116e-4,1659
7,2.8807064419235e-4,904
8,2.4786389323202e-4,1335
9,2.3293738742883e-4,1548
10,1.8692052675185e-4,2325
11,2.0515019107911e-4,2045
12,8.461062846856104e-5,4021
13,2.3024319410677e-4,1583
14,3.420709917532429e-5,4622
15,1.3795597242355e-4,3134
16,1.2584484778901e-4,3323
17,3.1016644348426e-4,749
18,3.3205365492591e-4,595
19,2.7057257200368e-4,1073
20,1.7058088425379e-4,2597
21,1.6741444552579e-4,2651
22,2.8874100202091e-4,899
23,2.3570881323622e-4,1500
24,8.864005243890156e-5,3937
25,1.5240507669091e-4,2902
26,1.1122740035396e-4,3561
27,2.3686183949048e-4,1491
28,1.8796740761556e-4,2308
29,1.761777547789e-4,2496
30,1.717742114731e-4,2574
31,1.8968357607743e-4,2281
32,1.492625185158e-4,2945
33,3.1175790687831e-4,736
34,2.602308660726e-4,1172
35,2.4379810922794e-4,1405
36,3.9408575361338e-4,353
37,2.6346369307032e-4,1143
38,1.1835200613058e-4,3445
39,1.5535610231471e-4,2847
40,1.7149631398614e-4,2580
41,2.3680630875541e-4,1492
42,1.5938679355099e-4,2778
43,2.1395344928435e-4,1912
44,8.667842377528414e-5,3982
45,2.0602516002652e-4,2033
46,3.3112586826255e-4,602
47,1.1249019383225e-4,3541
48,4.604815724295e-4,196
49,2.157216645297e-4,1884
50,1.461677156302e-4,2996
51,7.024872086504545e-5,4236
52,3.8149216134917e-4,393
53,1.352692569496e-4,3181
54,1.5285393117749e-4,2890
55,1.1401638661636e-4,3517
56,2.564849586165e-4,1215
57,2.1615862002449e-4,1879
58,3.2903583352068e-4,616
59,2.7799159270245e-4,1001
60,5.888466565124912e-5,4388
61,1.3958166982207e-4,3109
62,1.5113726012936e-4,2924
63,2.4460380883014e-4,1386
64,7.641450659085351e-5,4136
65,1.8820224897877e-4,2304
66,3.2264426549824e-4,657
67,2.3907118660418e-4,1462
68,8.668544283583464e-5,3981
69,2.6335349079761e-4,1146
70,9.312528004122992e-5,3871
71,4.1409189646193e-4,273
72,1.1675747673766e-4,3473
73,1.5448059394222e-4,2862
74,3.0867033331325e-4,763
75,1.5749648770434e-4,2812
76,2.0837759872314e-4,1998
77,3.92598526219e-4,360
78,3.2635335207708e-4,631
79,2.8404447653503e-4,944
80,2.7038594945176e-4,1076
81,1.4003538648027e-4,3101
82,3.4691490679639e-4,516
83,2.1116647913817e-4,1958
84,2.3142478006417e-4,1563
85,3.8199287294486e-4,391
86,1.0826862764771e-4,3611
87,2.0920242701244e-4,1987
88,1.3623143122093e-4,3162
128,7.577973224125215e-5,4144
129,1.7869844384911e-4,2460
130,3.7610272161708e-4,410
131,1.4399773574108e-4,3030
132,2.3511867715185e-4,1513
133,1.6387286815305e-4,2703
134,6.710911653995633e-5,4277
135,4.6087288436567e-4,194
136,8.480085496342664e-5,4020
137,7.312651627419507e-5,4195
138,1.8491911639035e-4,2366
139,2.5276304634541e-4,1270
140,1.0809505738459e-4,3614
141,4.8110866822406e-4,164
142,8.158536732361312e-5,4057
143,2.2882928736736e-4,1604
144,3.1443760009883e-4,723
145,3.3610069025576e-4,582
146,2.2354925399418e-4,1677
147,1.9767363869674e-4,2156
148,2.4447354373791e-4,1389
149,1.8952601062675e-4,2284
150,2.4114483983124e-4,1444
151,1.2605908270256e-4,3319
152,2.1755107861215e-4,1776
153,1.435196090105e-4,3037
154,3.258579556771e-4,634
155,3.2215510696868e-4,661
156,1.2378060026558e-4,3352
157,7.299890990203177e-5,4197
158,2.5036788058471e-4,1300
159,7.061068796560208e-5,4230
160,2.0302087726388e-4,2073
161,2.2276536568952e-4,1691
162,2.9798943415333e-4,836
163,2.8643425281361e-4,915
164,1.3819678735696e-4,3130
165,4.7942387128546e-4,167
166,4.1475361511336e-4,271
167,3.0956801733294e-4,758
168,4.1199318840179e-4,287
169,5.0835390479694e-4,129
170,1.9587616868786e-4,2189
171,3.3226752114329e-4,593
172,3.7805436667514e-4,401
173,1.7844092934669e-4,2466
174,6.178212351620616e-5,4360
175,1.929720013573e-4,2235
176,3.4388750655367e-4,533
177,1.2722548765533e-4,3301
178,1.4706832961265e-4,2976
179,2.0396754873998e-4,2052
180,6.669591996560535e-5,4280
181,1.2807610314606e-4,3284
182,2.5145762882605e-4,1280
183,1.379496495926e-4,3135
184,1.55497221603e-4,2844
185,1.9308799579405e-4,2234
186,1.4199409128437e-4,3071
187,1.4387346216044e-4,3032
188,2.0565833331374e-4,2038
189,1.7146091009342e-4,2581
190,1.2329865529494e-4,3363
191,0.00027999141001222003,977
192,2.6565908971819e-4,1118
193,8.6699026907344e-4,10
194,1.820453298026e-4,2413
195,1.9732212913965e-4,2167
196,1.010881011841e-4,3732
197,6.0353120973448e-4,64
198,3.2351915155908e-4,649
199,5.848993098306706e-5,4394
200,4.750506912390377e-5,4521
201,2.9677692927666e-4,845
202,2.6786946573049e-4,1097
203,2.4348855557022e-4,1411
204,2.4366508080823e-4,1410
205,7.558201394422058e-5,4146
206,2.8873947706202e-4,900
207,8.595859430558321e-5,3998
208,9.12946133828909e-5,3898
209,3.6454750856088426e-5,4602
210,1.9265242778898e-4,2239
211,1.4788738460795e-4,2961
212,9.31567091310106e-5,3870
213,1.7488604152347e-4,2515
214,2.2419714002821e-4,1668
215,3.3162978047248e-4,600
216,6.124862916146379e-5,4364
217,1.243195490194e-4,3346
218,1.7238806727882e-4,2566
219,2.2049675394121e-4,1722
220,5.5838580344399744e-5,4424
221,1.362104316748e-4,3164
222,5.284492996796961e-5,4468
223,3.0470228371696e-4,784
224,1.0073303733067e-4,3743
225,7.479165798266049e-5,4158
226,5.14076017463705e-5,4482
227,1.5503151253739e-4,2852
228,1.1944172713063e-4,3429
229,8.564740484919661e-5,4002
230,2.7863988315437e-4,990
231,3.0579761258226e-4,778
232,9.77152803499646e-5,3788
233,5.169575962075444e-5,4480
234,8.393092760882823e-5,4030
235,8.267997559323386e-5,4045
236,2.4402453753347e-4,1401
237,8.485411357209059e-5,4018
238,2.3719704984605e-4,1486
239,1.9395124655638e-4,2219
240,8.753933873387885e-5,3960
241,1.8428828806756e-4,2378
242,8.041172147993015e-5,4073
243,3.4643175128306e-4,521
244,3.2507983022769e-4,640
245,1.6400917663844e-4,2701
246,1.8519058603036e-4,2359
255,1.6089005258133e-4,2754
256,3.144896282986e-4,722
257,2.2868387900072e-4,1606
258,1.6627388088741e-4,2668
259,1.1305142287358e-4,3531
260,1.9241711305325e-4,2244
261,2.804682280564e-4,969
262,3.7338489966307e-4,417
263,2.4657690287538e-4,1349
264,1.2256490710702e-4,3379
265,1.8463618081168e-4,2371
266,2.8528738533727e-4,925
267,5.115208255248605e-5,4485
268,3.8587342441102e-4,380
269,1.1571972902112e-4,3488
270,5.1953232002947e-4,120
271,6.507616551207881e-5,4308
272,1.3950849745431e-4,3110
273,6.872522224094771e-5,4252
274,1.0866700728824e-4,3605
275,1.6150536264262e-4,2746
276,7.499104210232304e-5,4156
277,6.42303152677564e-5,4326
278,2.0048065684082e-4,2116
279,2.13478872039e-4,1920
280,4.3898631120097e-4,226
281,2.1208913889056e-4,1944
282,2.8884226318924e-4,896
283,1.8741080327597e-4,2316
284,4.080787194193114e-5,4573
285,1.0056539610009e-4,3751
286,4.505023139553438e-5,4539
287,7.669096909492025e-5,4132
288,2.2091301671703e-4,1716
289,1.0922533527024e-4,3592
290,3.9685148785286e-4,342
291,8.459399594887145e-5,4022
292,3.472455097136e-4,514
293,1.2095275496658e-4,3401
294,1.424383678666e-4,3064
295,2.0711974825308e-4,2016
296,9.444522651832414e-5,3849
297,5.6505125634317e-4,83
298,2.5796092524127e-4,1201
299,1.3207099113726e-4,3227
300,2.4177700923758e-4,1433
301,7.2489721529217e-4,22
302,1.0971141075451e-4,3586
303,2.2073797403339e-4,1721
304,3.3109064498598e-4,603
305,4.2534296846059e-4,251
306,2.1630200281042e-4,1785
307,2.1276660378583e-4,1932
308,2.3875529828541e-4,1468
309,2.1850142579187e-4,1762
310,3.5345984903772e-4,488
311,1.5573798361005e-4,2840
312,1.2942842744788e-4,3263
313,2.9875039329233e-4,828
314,1.2965040016911e-4,3259
315,2.0687122435196e-4,2019
316,5.497713937872154e-5,4434
317,2.2582138186581e-4,1645
318,5.318833791204242e-5,4463
319,5.105453529111016e-5,4487
320,5.887659820496814e-5,4389
321,7.3083556123004e-4,21
322,8.921864512903742e-5,3930
323,1.9547866690227e-4,2198
324,9.95756292814336e-5,3766
325,7.612101992551774e-5,4139
326,2.1219089333854e-4,1943
327,1.8945472076041e-4,2287
328,4.0985576476611e-4,296
329,4.0868679093386e-4,299
330,2.4521849878151e-4,1375
331,2.1257051465274e-4,1934
332,1.2114932260709e-4,3399
333,2.4033298001167e-4,1452
334,2.0629040444267e-4,2029
335,1.6246606430084e-4,2725
336,5.0956164606255e-4,128
337,2.7855838927116e-4,993
338,3.1596069076867e-4,711
339,2.4501202827547e-4,1377
340,7.164341547590995e-5,4219
341,4.1811935838389e-4,263
342,2.7566063244657e-4,1028
343,2.5719582252208e-4,1209
344,6.431062428995592e-5,4324
345,1.495725442734e-4,2941
346,4.737142893688195e-5,4523
347,1.8267941752362e-4,2405
348,2.4495412603789e-4,1380
349,1.4611755620551e-4,2998
350,1.7477565560384e-4,2516
351,7.919568534673141e-5,4095
352,1.9356459979242e-4,2224
353,3.3826518367689e-4,573
354,1.603050063821e-4,2761
355,5.064789114512646e-5,4489
356,2.1099744409348e-4,1960
357,5.0260487998814e-4,138
358,2.6344230025528e-4,1144
359,1.575764641207e-4,2809
360,4.3132390304869e-4,240
361,8.24090170103363e-5,4050
362,5.4634524430325e-4,98
363,7.406776131287327e-5,4178
364,1.90823232431e-4,2269
365,4.4212372662406e-4,222
366,1.158183388191e-4,3487
367,2.2759826481975e-4,1618
368,1.5415347581769e-4,2867
369,4.23313234913992e-5,4569
370,2.6658649392121e-4,1112
371,1.2347743496001e-4,3359
372,4.487655095974e-4,216
373,8.128361958725341e-5,4063
374,1.3455660793125e-4,3193
375,1.0381508499439e-4,3686
376,9.394439714370375e-5,3861
377,2.0673294545002e-4,2021
378,1.867300640457e-4,2330
379,3.0027277058601e-4,818
380,9.178442941981371e-5,3886
381,8.572583844229785e-5,4000
382,2.6052910403563e-4,1170
383,5.1673472031353e-4,123
384,6.248093147392651e-5,4349
385,7.795482456485606e-5,4108
386,2.3795010258388e-4,1478
387,2.8838954601822e-4,902
388,1.413488208137e-4,3088
389,1.5685089999359e-4,2821
390,4.7162832030554e-4,176
391,5.80572524146038e-5,4401
392,3.1842970824539e-4,689
393,3.6708440273631e-4,446
394,3.4081286397574e-4,558
395,6.504434126255719e-5,4309
396,2.5373295102596e-4,1251
397,1.1719312329867e-4,3462
398,8.000282097202124e-5,4084
399,4.6242350878502e-4,189
400,9.784477381817426e-5,3787
401,9.671290766437464e-5,3812
402,1.5960026665495e-4,2775
403,1.7340562070833e-4,2545
404,3.4064970532741e-4,559
405,2.275976064516e-4,1619
406,1.783047406553e-4,2468
407,2.7962746930616e-4,982
408,1.0351848794112e-4,3695
409,1.629408497262e-4,2715
410,1.2278899587731e-4,3375
425,9.69929878086656e-5,3800
426,1.8148524677161e-4,2420
427,1.4881313391565e-4,2950
429,1.7756360805517e-4,2475
430,2.0574984360839e-4,2036
431,1.0079655997122e-4,3739
432,2.4307305840823e-4,1417
433,1.037342747441e-4,3689
434,2.4489173920883e-4,1381
435,1.6733859484788e-4,2654
436,1.1922415984825e-4,3433
437,2.3059157336475e-4,1578
438,1.357955717892e-4,3173
439,1.6750896344064e-4,2649
440,1.7712322355462e-4,2485
441,1.4232825775189e-4,3067
442,2.7815086308495e-4,998
443,2.9655255920306e-4,847
444,2.7695029292078e-4,1008
445,2.7836229159903e-4,995
446,9.400036678416192e-5,3859
447,1.1436082343947e-4,3510
448,5.6631839076186e-4,81
449,2.9872110740807e-4,829
451,8.443216887999168e-5,4024
452,2.3217713728304e-4,1554
453,1.0653485306096e-4,3644
454,3.0640500689707e-4,774
455,3.3978116715884e-4,562
456,4.038394074582341e-5,4575
457,3.012544397336e-4,809
458,5.2553859389974416e-5,4470
459,3.9459104057815e-4,350
460,1.8930348194973e-4,2292
461,3.125661037781e-4,731
462,1.6681250664027e-4,2658
463,7.283148807956814e-5,4199
464,2.253810820236e-4,1649
465,2.1938529388329e-4,1742
466,9.159770607208665e-5,3892
467,1.5975974956882e-4,2770
468,2.8404914836068e-4,943
469,2.6824573115339e-4,1095
470,1.9138348811612e-4,2256
471,1.5400232147181e-4,2868
472,8.885979131542876e-5,3934
473,1.8643341400415e-4,2336
474,2.2562064136154e-4,1648
475,2.0150317119585e-4,2101
476,1.7098198294075e-4,2590
477,3.124514389938e-4,732
478,2.8527068087221e-4,927
479,3.3866950835037e-4,570
480,1.8842419801956e-4,2301
481,1.5174297354302e-4,2916
482,1.7732583054052e-4,2480
483,2.39061930155e-4,1463
484,1.3315181101577e-4,3211
485,2.5933141144015e-4,1179
486,2.41947942597e-4,1429
487,1.9821361532962e-4,2145
488,1.4184835073602e-4,3073
489,2.3509750333975e-4,1514
490,6.13229985563968e-5,4363
491,4.5384445657076e-4,210
492,2.5298988571702e-4,1263
493,2.0340023502358e-4,2068
494,1.2746125942628e-4,3297
495,2.0887212416962e-4,1993
496,1.2584882833254e-4,3322
497,2.3356745195469e-4,1537
498,1.0284690965176e-4,3711
499,8.533467526976348e-5,4009
500,2.1926720117164e-4,1746
501,1.9086275089312e-4,2268
502,2.325281920831e-4,1551
503,3.4331064298267e-4,542
504,2.3657821410438e-4,1495
505,3.4701103399419e-4,515
506,1.2286061568644e-4,3372
507,2.7683427442005e-4,1011
508,3.2854848640162e-4,620
509,1.9770113670217e-4,2155
510,8.881234674518152e-5,3936
511,3.7019919531932e-4,430
512,2.0896979822951e-4,1990
513,2.8185964949048e-4,959
514,1.1494155610231e-4,3497
515,2.3023593496959e-4,1584
516,2.7298616001601e-4,1057
517,1.9751612966753e-4,2159
518,2.2705616114815e-4,1627
519,2.9287591399486e-4,870
520,2.687060319114e-4,1093
521,1.0905438379304e-4,3597
522,7.105434877508764e-5,4225
523,2.5004129331552e-4,1306
524,3.7856135194813e-4,399
525,3.1495045044349e-4,720
526,2.2764130222488e-4,1617
527,2.6282279579447e-4,1155
528,1.6253349025364e-4,2721
529,2.5885261589527e-4,1185
530,3.1442170212946e-4,724
531,2.075911443804e-4,2009
532,2.7653129651299e-4,1017
533,1.5542983579836e-4,2845
534,2.2537247203336e-4,1650
535,2.1091033571755e-4,1962
536,1.1933234406794e-4,3431
537,2.365878637198e-4,1494
538,3.0358575619568e-4,789
539,1.4254323258046e-4,3059
540,1.00724613543e-4,3746
541,1.5708061492793e-4,2819
542,9.94798961141331e-5,3768
543,2.4018229944064e-4,1455
544,2.3332838987708e-4,1542
545,7.112472774654099e-5,4223
546,9.295934883595202e-5,3873
547,1.6661231174576e-4,2662
548,2.1519233088572e-4,1893
549,2.4135844867069e-4,1441
550,9.515924098928444e-5,3836
551,3.2022003002097e-4,679
552,2.536617973967e-4,1254
553,1.5212093477587e-4,2908
554,5.668632440103046e-5,4411
555,2.3012019706603e-4,1588
556,1.6382707594023e-4,2704
557,2.3391733064742e-4,1531
558,2.3444006736246e-4,1522
559,1.4337200333059e-4,3042
560,1.1665438992018e-4,3475
561,1.9582285920359e-4,2191
562,4.0225849286512e-4,318
563,1.4563893181922e-4,3002
564,1.8680084144167e-4,2327
565,2.4870612192359e-4,1325
566,1.8648986544155e-4,2334
567,3.4757270302104e-4,511
568,2.5767592314235e-4,1202
569,2.1088142267297e-4,1964
570,7.243525581927353e-5,4207
571,2.1220035781323e-4,1942
572,2.7315985083803e-4,1056
573,1.579771427753e-4,2802
574,1.7747646439427e-4,2476
575,2.0386402527982e-4,2055
576,1.9839444107664e-4,2144
577,2.0839705388217e-4,1997
578,1.7663765111689e-4,2489
579,1.1988550569945e-4,3422
592,2.4463259482118e-4,1384
593,2.5344278131064e-4,1256
594,1.1487288648962e-4,3499
595,7.01160991358741e-5,4238
596,3.1013978234971e-4,750
597,2.2574215192872e-4,1646
598,2.0738237348017e-4,2012
599,1.6950637185033e-4,2616
600,4.3780162379738e-4,229
601,1.3277368792531e-4,3217
602,2.5458888707579e-4,1238
603,2.3166767655725e-4,1558
604,2.6323144505206e-4,1149
605,1.8443039517911e-4,2376
606,2.6629257146875e-4,1114
607,1.8711250378002e-4,2321
608,1.3772066404684e-4,3138
609,1.9522458048942e-4,2202
610,2.4903880882523e-4,1321
611,1.4813505751883e-4,2956
612,2.573287913425e-4,1208
613,2.2487183828457e-4,1658
614,1.9751231581298e-4,2160
624,2.3512207728917e-4,1512
625,2.2351985139728e-4,1678
626,3.2341678414047e-4,650
627,1.5265603233698e-4,2895
628,1.3971878668931e-4,3108
629,3.1740559242639e-4,693
630,5.017861988241309e-5,4491
631,4.1805412578305e-4,264
632,2.1661766198698e-4,1780
633,6.1483321374727e-4,59
634,7.687635787858205e-5,4127
635,2.0714123176204e-4,2015
636,1.1480772266303e-4,3500
637,5.3826570773621e-4,104
638,1.0036877189241e-4,3755
639,3.4327569770267e-5,4620
640,1.7775615471053e-4,2473
641,1.436661837599e-4,3034
642,4.1396879451702e-4,274
643,2.3857836132291e-4,1471
644,2.4866357202976e-4,1326
645,1.4881201640284e-4,2951
646,1.1906425179669e-4,3436
647,1.7415269030769e-4,2530
648,3.2466390190639e-4,642
649,1.2251417768452e-4,3380
650,5.008922014504187e-5,4492
651,2.0882843177151e-4,1994
652,2.4286489547152e-4,1418
653,2.2791412689542e-4,1612
654,3.606889684669242e-5,4603
655,8.147770852300648e-5,4060
668,2.1393712024968e-4,1913
669,2.1096364254568e-4,1961
670,3.4523627778973e-4,524
671,2.1916361325265e-4,1750
672,1.8397638987746e-4,2383
673,3.3068514065312e-4,607
674,1.291790597467e-4,3270
675,2.3857636847984e-4,1472
676,6.145207932059959e-5,4362
677,9.70962991402602e-5,3798
678,1.0331086866908e-4,3702
679,2.580991392397e-4,1198
680,4.2113788745014e-4,257
681,9.430301157943008e-5,3851
682,1.0909624904436e-4,3596
683,1.1396516441236e-4,3519
684,1.2332738666237e-4,3362
685,5.0243512776275e-4,139
686,6.090498044821307e-5,4370
705,4.1992491886746e-4,260
706,5.825277732732658e-5,4398
707,1.6229413604047e-4,2728
708,2.635930597681e-4,1141
709,7.983591346967186e-5,4086
710,1.6926830011036e-4,2622
711,7.651422678432665e-5,4133
712,1.4689189569654e-4,2978
713,3.1522813772566e-4,716
714,2.4244780940871e-4,1424
715,1.1977508570735e-4,3423
716,1.444940174705e-4,3021
717,7.451712816194187e-5,4169
718,3.4388374652803e-4,534
719,1.1021594528559e-4,3579
720,1.735772658864e-4,2542
721,1.5018724846806e-4,2935
722,6.8561597652226e-4,30
723,1.0193507699021e-4,3719
724,1.8060705666001e-4,2435
725,2.1226424299818e-4,1940
726,2.4602952300309e-4,1360
727,6.248960684397549e-5,4348
728,1.9555307982726e-4,2197
729,8.493269706839727e-5,4016
730,2.9489740913754e-4,856
731,8.515611654089641e-5,4012
732,1.8292938681646e-4,2403
733,1.4253771591255e-4,3060
734,8.174388655328937e-5,4055
735,2.1278439863167e-4,1931
736,9.731717690633896e-5,3796
737,5.699607054662773e-5,4409
738,3.575690398227066e-5,4609
739,3.5256230000577e-4,494
740,2.7321219432898e-4,1054
741,4.8583997185097e-4,158
742,7.218529921110754e-5,4209
743,1.6803123940174e-4,2643
744,0.00036802070363683997,440
745,3.0218414443146e-4,799
746,1.0727862258429e-4,3627
747,1.9282248054864e-4,2237
748,1.9679813281821e-4,2175
749,2.1560764282753e-4,1887
750,1.584190544826e-4,2795
751,9.057422021133696e-5,3907
752,2.264840761226e-4,1638
753,1.5423667758252e-4,2864
754,3.4868138541905e-4,506
755,2.7388279869239e-4,1049
756,7.564536610676082e-5,4145
757,1.973335349544e-4,2165
758,5.945761574594079e-5,4384
759,3.1106863751272e-4,744
760,1.9373399920785e-4,2222
761,1.4305134579083e-4,3050
762,3.6566480718157e-4,451
763,1.1095484838239e-4,3568
764,1.2558641508596e-4,3325
765,1.2010953624558e-4,3417
766,1.1683624560324e-4,3471
767,5.4007119022614016e-5,4446
768,0.00024440677551806997,1392
769,3.9089958225143e-4,365
770,9.05081606549203e-5,3909
771,3.9910159170006e-4,334
772,3.1040465219402e-4,747
773,2.7861502682202e-4,991
774,5.8256474920298e-4,71
775,9.404330436064206e-5,3858
776,5.384138399161869e-5,4450
777,1.3445529075098e-4,3196
778,1.6434008523928e-4,2690
779,7.767660833838045e-5,4113
780,1.8865736948836e-4,2298
781,1.897723684759e-4,2280
782,1.5170424716537e-4,2917
783,1.3617632384298e-4,3165
784,1.8790191147985e-4,2311
785,1.920267109429e-4,2249
786,1.3832981014936e-4,3127
787,2.2604517091032e-4,1643
788,2.2169390923303e-4,1706
789,2.9937427846663e-4,822
790,1.5564658830448e-4,2841
791,1.434743941551e-4,3040
792,4.1801683876797e-4,265
793,1.4267057527257e-4,3056
794,5.8891421035005e-4,67
795,1.9873326108837e-4,2141
796,1.4400819452329e-4,3029
797,1.6401294783917e-4,2700
798,1.1244753662291e-4,3543
799,1.2222372704584e-4,3383
800,1.6191376657833e-4,2737
801,2.0036754168199e-4,2119
802,3.4420463765279e-4,528
803,2.0243621642558e-4,2083
804,2.7619095492614e-4,1023
805,6.515196167759671e-5,4306
806,1.6186820381335e-4,2739
807,2.1630200281042e-4,1785
808,2.1380971051474e-4,1917
809,6.791347185472775e-5,4260
810,7.206094396122612e-5,4213
811,4.7942578354074e-4,166
812,1.4375143053696e-4,3033
813,7.767623015710882e-5,4114
814,3.244784466537355e-5,4629
815,3.1711882923618e-4,700
816,2.1630200281042e-4,1785
817,2.9647360857609e-4,849
818,1.5264985346847e-4,2896
819,2.1630200281042e-4,1785
820,3.719463337421574e-5,4598
821,3.4232325784644e-4,547
822,8.247807855609542e-5,4049
823,2.1630200281042e-4,1785
825,8.648096452417697e-5,3985
826,3.7439092208122e-4,414
827,4.285819280321032e-5,4558
828,1.8817247231326e-4,2306
829,1.1116022472853e-4,3562
830,8.343292883566757e-5,4038
831,5.5074287538841e-4,92
832,7.349171387247946e-5,4191
833,2.1630200281042e-4,1785
834,2.1630200281042e-4,1785
835,2.1630200281042e-4,1785
836,2.6437194820611e-4,1130
837,2.1630200281042e-4,1785
838,1.9536127726501e-4,2199
839,3.324767866513918e-5,4628
840,2.1630200281042e-4,1785
842,2.2990485358694e-4,1592
843,3.9935632695571e-4,330
845,2.1630200281042e-4,1785
847,1.0439286355523e-4,3680
848,2.7363380165396e-4,1051
849,2.4790760607287e-4,1332
850,1.3899940420506e-4,3118
851,3.1618163589053e-4,705
852,2.1630200281042e-4,1785
853,3.0387902273198e-4,788
854,1.7102751556812e-4,2589
855,2.4378389297492e-4,1407
856,2.3783867862651e-4,1479
857,1.4676680423854e-4,2985
858,2.3730191197805e-4,1485
859,1.0452286326488e-4,3676
860,4.3173665576814e-4,238
861,1.5752883275921e-4,2810
862,1.1412169579332e-4,3516
863,1.6506137813702e-4,2680
864,3.0934490043367e-4,761
865,1.8588657362849e-4,2348
866,2.2206342166433e-4,1703
867,8.411027183073116e-5,4027
868,2.8663153750934e-4,912
869,1.3377413921744e-4,3204
870,3.1732841627638e-4,694
871,1.9640649995547e-4,2183
872,1.57723261546e-4,2806
873,3.6138253398359e-4,469
874,1.1157171613317e-4,3557
875,4.5543466712072e-4,207
876,1.3221945407184e-4,3223
877,4.8534793567151925e-5,4511
878,5.617242983160125e-5,4422
879,1.893222790062e-4,2291
880,8.069364708312169e-5,4068
881,8.048767850801761e-5,4072
882,3.2882824802468e-4,619
883,2.6329419570422e-4,1147
884,2.6772779015816e-4,1099
885,1.9320203988168e-4,2233
886,9.67920589890684e-5,3810
887,2.5831052849312e-4,1195
888,1.7468340874534e-4,2517
889,1.2343608737397e-4,3361
890,2.7940983819705e-4,986
891,2.1630200281042e-4,1785
892,2.7042032585774e-4,1075
893,7.907490902952362e-5,4096
894,2.7395641879463e-4,1047
895,2.1421043368891e-4,1908
896,2.776841625482e-4,1003
897,3.4398505114384e-4,531
898,5.383712501949739e-5,4451
900,6.894683469610298e-5,4251
901,1.9033142196644e-4,2277
902,1.8597805913994e-4,2346
903,9.837808329119664e-5,3782
904,1.5239507281341e-4,2904
905,1.1499706918111e-4,3495
906,2.1595793428119e-4,1882
907,9.033181897028156e-5,3913
908,2.931124535268e-4,866
909,3.7135037207165e-4,424
910,2.1630200281042e-4,1785
911,8.838562007180571e-5,3946
912,1.1095912323087e-4,3567
913,2.4667101098808e-4,1347
914,3.2577055971365e-4,635
915,2.1084189138724e-4,1966
916,1.7874884379777e-4,2459
917,8.675697277880172e-5,3977
918,2.8452913360437e-4,935
919,1.9138126452484e-4,2257
920,2.5286104639346e-4,1266
921,4.8764727550348e-4,155
922,2.8716343360486e-4,907
923,2.1962804484072e-4,1737
924,1.089061626515e-4,3602
925,2.6512625384058e-4,1124
926,2.654239094915e-4,1120
927,0.00010088910258956999,3736
928,1.0626343104533e-4,3649
929,2.1630200281042e-4,1785
930,1.1031776042834e-4,3577
931,2.1357391875756e-4,1919
932,2.2350730317356e-4,1679
933,3.3967929730338e-4,564
934,1.4828606006462e-4,2955
935,2.5058280620894e-4,1297
936,8.731226891316362e-5,3965
937,2.5767133065194e-4,1203
938,1.3838397437343e-4,3126
939,1.6839428872573e-4,2639
940,4.0595029126675e-4,307
941,6.859524228079135e-5,4255
942,3.6313849170727e-4,460
943,0.00102046452978361,2
944,1.217418384415e-4,3389
945,4.036249203006026e-5,4576
946,6.572146237224363e-5,4294
947,1.2905088523916e-4,3273
948,1.1722498690892e-4,3461
949,2.7762402191872e-4,1004
950,9.048906035783712e-5,3911
951,5.0382370513296e-4,136
952,1.3284798664811e-4,3216
953,2.4495560204174e-4,1379
954,3.2320389360832e-4,653
955,2.4955981101134e-4,1309
956,2.4077495856348e-4,1447
957,6.735726061981873e-5,4274
958,6.1713124062245e-5,4361
959,1.0079804579484e-4,3738
960,8.987733467712985e-5,3920
961,6.819593130962277e-5,4257
962,8.500498488741278e-5,4015
963,1.5256165683256e-4,2899
964,1.7841111562963e-4,2467
965,6.8847603865364e-4,29
966,1.484318926599e-4,2953
967,2.2934989609368e-4,1598
968,7.370144527946993e-5,4188
969,2.0816056207655e-4,1999
970,1.6021397568055e-4,2763
971,1.2928885476504e-4,3266
972,1.6653185067477e-4,2664
973,2.2610154164528e-4,1642
974,1.5013106730248e-4,2936
975,2.8631180236521e-4,917
976,7.97483709800025e-5,4087
977,5.5741181759619e-4,86
978,1.8711522258504e-4,2320
979,2.5673482470715e-4,1213
980,2.3524699728213e-4,1509
981,4.8237473324629e-4,163
982,1.4182705886492e-4,3074
983,1.1910052056069e-4,3434
984,1.3535977448887e-4,3178
985,3.514605931423e-4,500
986,2.3015403136231e-4,1586
987,2.4433834503711e-4,1394
988,8.770861154781606e-5,3956
989,7.38099521073011e-5,4185
990,2.5288350205327e-4,1265
991,1.8536082131742e-4,2355
992,1.2801531553604e-4,3286
993,1.0492711978278e-4,3669
994,9.688126951447309e-5,3803
995,3.3129468388076e-4,601
996,6.7124004779095e-4,37
997,1.452919723371e-4,3009
998,7.502166446326251e-5,4155
999,4.3429457774504454e-5,4547
1000,1.8957936235877e-4,2283
1001,1.2170579666857e-4,3391
1002,1.1525912078483e-4,3492
1003,2.5889832049367e-4,1184
1004,2.5076727097112e-4,1296
1005,5.482224060469e-4,95
1006,4.3151308201237e-4,239
1007,3.7724879434487e-4,405
1008,1.3381777871071e-4,3203
1009,4.0501167821843e-4,308
1010,3.4218858504484e-4,548
1011,3.2254553511996e-4,659
1012,2.0247514746133e-4,2081
1013,1.3286730011568e-4,3215
1014,6.769428666405699e-5,4265
1015,2.8030116436317e-4,972
1016,1.1423728287293e-4,3514
1017,1.6155451373876e-4,2745
1018,1.1373940901423e-4,3520
1019,2.2222214036413e-4,1698
1020,2.5054629674019e-4,1298
1021,6.315254321568231e-5,4339
1022,1.1313425961339e-4,3529
1023,1.1253209145091e-4,3539
1024,2.131125440709e-4,1928
1025,3.9778266258541e-4,339
1026,2.2667636280634e-4,1634
1027,2.0574238570429e-4,2037
1028,1.7864762955796e-4,2461
1029,2.3078752172342e-4,1574
1030,1.4102319822537e-4,3092
1031,5.966025290768565e-5,4379
1032,5.625220790465366e-5,4420
1033,1.6978823173227e-4,2611
1034,1.5394228826287e-4,2870
1035,8.09254723354704e-5,4067
1036,3.4673012687387e-4,519
1037,3.0823301405512e-4,765
1038,1.9666312128657e-4,2176
1039,8.038363186430611e-5,4074
1040,2.421676113252e-4,1426
1041,9.624037364136656e-5,3822
1042,2.0343362965406e-4,2067
1043,1.8466708351188e-4,2369
1044,4.0080646628483e-4,321
1045,1.8828434229697e-4,2302
1046,1.1153261244225e-4,3558
1047,1.0611411877628e-4,3651
1058,5.643727127436967e-5,4416
1059,1.3893466839346e-4,3121
1060,2.5033791041176e-4,1301
1061,3.5651755168762e-4,480
1062,4.6711677161059e-4,180
1063,2.80121810807e-4,975
1064,1.8060174651664e-4,2436
1065,1.7261677941443e-4,2562
1066,1.6931878513977e-4,2620
1067,1.2612158711089e-4,3317
1068,1.688908335007e-4,2626
1069,3.8704287752985e-4,377
1070,2.0933956089322e-4,1985
1071,1.9271144250421e-4,2238
1072,2.4277547840479e-4,1421
1073,1.4149430740323e-4,3080
1074,1.840241301733e-4,2382
1075,2.4673252667052e-4,1346
1076,2.2237698956025e-4,1696
1077,4.9127938900047e-4,150
1078,2.1630200281042e-4,1785
1079,2.1924080603023e-4,1747
1081,4.937586814453993e-5,4504
1082,7.637464243466066e-5,4137
1083,1.5195215626651e-4,2912
1084,2.1630200281042e-4,1785
1085,1.334294883038e-4,3205
1086,7.825257253036197e-5,4105
1087,1.4323749351594e-4,3045
1088,2.9860384916192e-4,831
1089,2.8159654922128e-4,961
1090,5.3301054698052e-4,108
1091,1.1903892913058e-4,3437
1092,2.9049049021231e-4,890
1093,1.7047113274255e-4,2600
1094,8.0570806857153e-5,4069
1095,3.244784466537355e-5,4629
1096,2.9450639412047e-4,858
1097,8.34803050607083e-5,4037
1098,1.5002824373709e-4,2937
1099,4.0305753607318e-4,317
1100,1.8211727509875e-4,2411
1101,3.3495552210444e-4,585
1102,2.8572526568211e-4,919
1103,7.023452295032655e-5,4237
1104,2.6140920475399e-4,1164
1105,2.0333339135178e-4,2070
1106,5.744947335858072e-5,4405
1107,7.687812977101242e-5,4126
1108,2.7814293995476e-4,999
1109,4.9934182382230656e-5,4494
1110,2.5568998335293e-4,1229
1111,8.972561206716942e-5,3923
1112,1.6345631202323e-4,2709
1113,1.6529495740546e-4,2677
1114,1.9814703812159e-4,2146
1115,2.4790219079145e-4,1333
1116,3.7443676959474026e-5,4596
1117,2.1630200281042e-4,1785
1118,1.185087628016e-4,3443
1119,1.3320336272679e-4,3208
1120,1.5527974063352e-4,2848
1121,1.0108981907126e-4,3731
1122,2.4151375320901e-4,1438
1123,1.011831057473e-4,3729
1124,2.7583350486834e-4,1025
1125,6.6947190547748e-4,39
1126,7.170748974140976e-5,4217
1127,5.3909285733615264e-5,4449
1128,1.1645908607465e-4,3481
1129,1.3142487571669e-4,3235
1130,1.2593548412664e-4,3320
1131,1.083462724761e-4,3610
1132,2.4825151298463e-4,1330
1133,5.8861118867667e-4,68
1134,1.3495606886043e-4,3187
1135,7.728634142545199e-5,4119
1136,1.4157232543277e-4,3078
1137,3.5325994834857e-4,491
1138,1.149095374429e-4,3498
1139,2.8057902568529e-4,968
1140,3.9329724106554e-4,356
1141,1.8869291461246e-4,2297
1142,3.5867726857549e-4,476
1143,5.3209208439768e-4,111
1144,2.0266528567188e-4,2079
1145,1.3485146556748e-4,3190
1146,7.399220275763728e-5,4180
1147,9.079116142223152e-5,3906
1148,1.0366548478638e-4,3690
1149,2.0586179089552e-4,2034
1150,2.0952212756267e-4,1981
1151,1.0256611868351e-4,3714
1152,3.0062229988885e-4,813
1153,2.1170160577535e-4,1954
1154,2.4633374410208e-4,1352
1165,4.5230208905772e-4,213
1166,4.533970706814623e-5,4535
1167,2.2277835089589e-4,1690
1168,3.4402895888171e-4,530
1169,2.8100126418001e-4,964
1170,1.0682579394936e-4,3637
1171,1.1102773559514e-4,3566
1172,1.951789343571e-4,2204
1173,3.3318039294196e-4,590
1174,4.0426592015061e-4,312
1175,1.0567811705277e-4,3655
1176,1.6962168700537e-4,2613
1177,1.0071849324786e-4,3747
1178,1.5277873334829e-4,2893
1179,1.561833461359e-4,2833
1180,2.4531707527687e-4,1373
1181,2.9220422007469e-4,877
1182,1.166082216035e-4,3478
1183,4.4920528363213394e-5,4540
1184,5.649176761799097e-5,4414
1185,1.016251816845e-4,3722
1186,1.8627836359772e-4,2341
1187,1.2977735608902e-4,3255
1188,2.4139208142902e-4,1440
1189,2.0177747152554e-4,2092
1190,1.0853066468387e-4,3608
1191,1.3133347271028e-4,3239
1192,7.414321598753581e-5,4176
1193,1.4247812606148e-4,3062
1194,1.1591491815746e-4,3486
1195,1.9092438557847e-4,2266
1196,1.2427233953439e-4,3348
1197,3.0321820764713e-4,792
1198,2.1404382017331e-4,1910
1199,3.634535039835e-4,457
1200,3.4388756831633e-4,532
1201,1.3932036753304e-4,3113
1202,3.2395393535673e-4,646
1203,8.65027876155438e-5,3984
1204,1.195182961962e-4,3427
1205,8.196872671199337e-5,4053
1206,2.4914562429031e-4,1318
1207,4.0031021344372e-4,325
1208,2.2332483427604e-4,1683
1209,2.3858054060418e-4,1470
1210,1.0685782935116e-4,3636
1211,3.1526949429931e-4,714
1212,3.272220108214e-4,625
1213,3.7779242841599e-4,402
1223,6.6967433166264e-4,38
1224,5.7654690173359e-4,78
1225,2.4457659900939e-4,1388
1226,7.586755246478248e-5,4142
1227,7.697179340390638e-5,4124
1228,4.340808849045152e-5,4548
1229,1.763539863325e-4,2493
1230,8.239163352748301e-5,4051
1231,8.006759474745963e-5,4083
1232,2.1233645293003e-4,1938
1233,3.0052206299338e-4,814
1234,2.1612856833433e-4,1881
1235,8.722573578287909e-5,3967
1236,1.8733656150348e-4,2317
1237,3.7480762458495754e-5,4595
1238,1.9507650206948e-4,2207
1239,7.585456138356551e-5,4143
1240,3.1654574015517e-4,704
1241,3.5531986732439696e-5,4610
1242,1.6132710152863e-4,2748
1243,4.645187102838971e-5,4531
1244,9.498731054237268e-5,3843
1245,3.0280994042365e-4,796
1246,2.1799620877752e-4,1770
1247,2.4440889630857e-4,1391
1248,2.9314878364445e-4,864
1249,9.85481081242041e-5,3778
1250,1.1341196248893e-4,3525
1251,6.0195605739413194e-5,4373
1252,5.3124332222240456e-5,4466
1253,1.1652927716431e-4,3479
1254,9.156524930295322e-5,3895
1255,6.0902660544125e-4,62
1256,3.2061687567919e-4,675
1257,1.0402469206682e-4,3683
1258,1.4232038687526e-4,3068
1259,6.184207009453573e-5,4358
1260,2.5984235033519e-4,1176
1261,2.4544901694937e-4,1372
1262,4.1303249950795e-4,281
1263,4.5771510828066e-4,204
1264,3.0140236320723e-4,805
1265,4.113728571477e-4,290
1266,1.7618268654684e-4,2495
1267,1.9885179220744e-4,2138
1268,2.3363157564315e-4,1536
1269,9.945867973497924e-5,3769
1270,1.5537127608759e-4,2846
1271,3.2711506690934e-4,626
1272,1.4530224348196e-4,3008
1273,4.8674504871121e-4,157
1274,3.170596616765e-4,701
1275,1.3798619877585e-4,3132
1276,3.6813519352694e-4,438
1277,1.0266009377647e-4,3712
1278,1.0209643430533e-4,3718
1279,1.6246625624918e-4,2724
1280,3.2430473501429e-4,644
1281,1.963242658036e-4,2184
1282,2.7808838288775e-4,1000
1283,1.5967942773589e-4,2772
1284,6.572009077063714e-5,4295
1285,2.7860642081987e-4,992
1286,6.1382332376965e-4,61
1287,2.2496563066423e-4,1655
1288,9.1105992846916e-4,6
1289,1.6755221277166e-4,2647
1290,2.9295349415236e-4,869
1291,7.443732364341744e-5,4172
1292,1.6820707193133e-4,2640
1293,3.909945378058537e-5,4584
1294,2.1251557217978e-4,1936
1295,2.1207903350275e-4,1945
1296,4.1672297689369e-4,268
1297,7.974154268451281e-5,4088
1299,9.26981824232531e-5,3874
1300,2.7941383703323e-4,985
1301,2.0348087834485e-4,2065
1302,1.1793660083742e-4,3449
1303,3.901395009700557e-5,4585
1304,5.4592596427686504e-5,4437
1305,2.4556650261475e-4,1369
1306,3.520111368186e-4,497
1307,1.0350881845259e-4,3697
1308,2.0109034933388e-4,2108
1309,5.6449044614781034e-5,4415
1310,2.3454737528066e-4,1521
1311,1.7419307003566e-4,2528
1312,9.693786582353115e-5,3802
1313,2.1826435520146e-4,1766
1314,4.490997580317672e-5,4541
1315,2.6704933262207e-4,1105
1316,5.7919974821964726e-5,4403
1317,8.770505080523808e-5,3957
1318,1.6767016905108e-4,2645
1319,7.211231850108129e-5,4210
1320,6.777474338782e-5,4264
1321,2.5572575403851e-4,1227
1322,8.587598276625392e-5,3999
1323,1.368169445278e-4,3150
1324,2.1280814345987e-4,1930
1325,6.92434275795e-4,27
1326,3.371522603795851e-5,4625
1327,2.0560100885118e-4,2040
1328,6.557918361216294e-5,4296
1329,3.1524849701706e-4,715
1330,1.5794114260675e-4,2803
1331,8.820445391962702e-5,3949
1332,4.9549755861157e-4,145
1333,5.956430357322831e-5,4382
1334,1.7070915164812e-4,2594
1335,2.6617906646685e-4,1115
1336,1.3402974707145e-4,3198
1337,1.9233196960955e-4,2246
1338,2.5261724010149e-4,1272
1339,1.5521081445985e-4,2849
1340,3.537334518852484e-5,4614
1341,3.4209423441587e-4,549
1342,3.0440776435692e-4,786
1343,3.256416464818e-4,636
1344,3.4946390032081e-4,505
1345,7.411212730652625e-5,4177
1346,1.2776622710764e-4,3291
1347,1.0660250666125e-4,3642
1348,9.736347705050614e-5,3795
1349,2.0939391818016e-4,1983
1350,8.258069130161404e-5,4046
1351,6.489437192793748e-5,4311
1352,1.1442225816857e-4,3507
1353,1.4911992233683e-4,2947
1366,2.5811629420131e-4,1197
1367,8.108899875334171e-5,4065
1368,1.7377403143704e-4,2537
1369,4.2285559918661e-4,254
1370,6.91167893958989e-5,4249
1371,2.3128456233515e-4,1566
1372,1.0024153435642e-4,3762
1373,1.2011912815858e-4,3416
1374,4.2859566008858256e-5,4557
1375,1.4164470170354e-4,3076
1376,6.55288708496489e-5,4297
1377,2.0321450360224e-4,2072
1378,1.6482922627903e-4,2683
1379,3.9004881702711e-4,370
1380,2.5874647671244e-4,1187
1381,4.3084663888399424e-5,4553
1382,1.0873849424357e-4,3604
1383,4.3537757908712e-4,231
1384,2.6360312169267e-4,1140
1385,2.2883694569493e-4,1603
1387,1.2754580654838e-4,3296
1388,1.2184853720077e-4,3388
1389,2.5108808638143e-4,1290
1390,4.9259565747194e-4,149
1400,2.4483961136857e-4,1383
1401,8.699625395823197e-5,3972
1402,1.6209383380191e-4,2732
1403,3.1347000284497e-4,729
1404,1.7391153518887e-4,2534
1405,5.567828879964e-4,88
1406,8.883049320875587e-5,3935
1407,1.208775852709e-4,3402
1408,4.8354169637409e-4,162
1409,5.230864774584e-4,117
1410,2.465182258827e-4,1350
1411,2.9982344076637e-4,820
1412,8.01484455468632e-5,4082
1413,3.0981206883638e-4,757
1414,1.2947678714467e-4,3262
1415,1.452165365328e-4,3011
1416,1.1035002176107e-4,3576
1417,1.0784382326433e-4,3619
1418,2.4347557804657e-4,1412
1419,9.669834255679856e-5,3813
1420,2.3822678697881e-4,1475
1421,2.5748501930493e-4,1204
1422,3.9784261562763e-4,337
1423,2.7621334838204e-4,1022
1424,1.9185723586089e-4,2252
1425,9.47418178892816e-5,3845
1426,1.0315711799231e-4,3706
1427,3.3707273478693e-4,577
1428,1.2938205784614e-4,3264
1429,3.2072176783615e-4,673
1430,6.217591482553514e-5,4353
1431,2.5570715230925e-4,1228
1432,5.8230553910216e-4,73
1433,2.1330609401246e-4,1925
1434,1.8245701979936e-4,2409
1435,1.6992686182455e-4,2607
1436,6.416194605789424e-5,4327
1437,1.6592540848323e-4,2672
1438,1.3897793305288e-4,3119
1439,6.38647926246032e-5,4333
1440,3.386097146874197e-5,4624
1441,1.426314287272e-4,3058
1442,6.8511908134829e-4,31
1443,5.322117158023477e-5,4461
1444,2.7419116587543e-4,1043
1445,1.3135139467291e-4,3237
1446,1.4763880364103e-4,2965
1447,2.0254245213152e-4,2080
1448,1.5288605604148e-4,2887
1449,8.485156751908163e-5,4019
1450,1.6664673894557e-4,2660
1451,1.7420120386382e-4,2527
1452,6.203314801291462e-5,4355
1453,1.5316938939031e-4,2884
1454,1.4343756128403e-4,3041
1455,8.942529515136965e-5,3927
1456,3.4308269323481e-4,544
1457,5.8304128145200807e-5,4397
1458,7.67662178553301e-5,4128
1459,1.2592410641688e-4,3321
1460,1.8365746467148e-4,2389
1461,2.0975638385242e-4,1979
1462,9.302614929624345e-5,3872
1463,2.0768251130753e-4,2007
1464,3.3452995761554e-4,586
1465,3.5890051664744765e-5,4604
1466,3.991892291222e-4,332
1467,5.2941036970867e-4,113
1468,1.2281784704077e-4,3373
1469,4.7817385649622e-4,170
1470,2.6523891448371e-4,1122
1471,1.8877542587814e-4,2295
1472,1.3492995083654e-4,3188
1473,1.3537097628231e-4,3177
1474,1.2310552173232e-4,3367
1475,7.298841354311966e-5,4198
1476,2.6874265019263e-4,1092
1477,5.377333227969562e-5,4453
1478,2.7487015060218e-4,1038
1479,4.6244899006428315e-5,4532
1480,1.3676668495189e-4,3152
1481,1.6188029273045e-4,2738
1482,1.2221063035349e-4,3384
1483,1.746832029994e-4,2518
1484,2.432628419615e-4,1415
1485,1.2130629728595e-4,3398
1486,2.9921510317445e-4,824
1487,2.7156277116705e-4,1068
1488,3.6948794662467e-4,433
1489,3.244784466537355e-5,4629
1490,3.3832188323206e-4,572
1491,2.152109594988e-4,1890
1492,2.4439116172664e-4,1393
1493,2.2768660928335e-4,1615
1494,1.3152799680712e-4,3233
1496,2.5144292360045e-4,1281
1497,3.5019437049372e-4,503
1498,5.0196838890392e-4,140
1499,1.2300236156962e-4,3369
1500,2.5634952357973e-4,1216
1501,3.6268295332558e-4,463
1502,1.2615527401217e-4,3315
1503,8.840506501196569e-5,3945
1504,1.8183402686963e-4,2415
1505,9.207329907885966e-5,3880
1506,6.2857332626777e-4,51
1507,7.381093140036994e-5,4184
1508,1.9465887610566e-4,2213
1509,1.8455736381299e-4,2374
1510,1.1724834422138e-4,3460
1511,2.1658356136905e-4,1782
1512,2.2279652069467e-4,1689
1513,1.6520272368952e-4,2678
1514,1.9948228884207e-4,2133
1515,7.456871512042426e-5,4167
1516,4.6471868680258e-4,182
1517,5.5283370511778e-4,91
1518,4.3481916182849e-4,233
1519,2.1630200281042e-4,1785
1520,4.2511434279967415e-5,4566
1521,1.378142031936e-4,3136
1522,1.0449405141736e-4,3677
1524,7.046002363161728e-5,4232
1525,4.136174297994e-4,278
1526,2.3006850138666e-4,1589
1527,2.0058497556427e-4,2114
1528,2.6230085883512e-4,1157
1529,3.4995780399199e-4,504
1530,2.1139966586759e-4,1956
1531,3.1854206827343e-4,687
1532,1.1296967742309e-4,3534
1533,1.3754736253729e-4,3141
1534,6.201146815687514e-5,4356
1535,2.0237692327986e-4,2084
1537,1.446111341491e-4,3020
1538,2.1404469715867e-4,1909
1539,2.0071177687028e-4,2111
1540,3.3413087905593e-4,588
1541,2.5434091994249e-4,1242
1542,2.1630200281042e-4,1785
1543,4.318569724393227e-5,4552
1544,1.2681116003551e-4,3308
1545,7.382219919545414e-5,4183
1546,3.496854370859531e-5,4616
1548,1.0173309125524e-4,3720
1549,2.6730928331336e-4,1104
1550,3.6674704892589e-4,447
1551,5.40830093142064e-5,4445
1552,3.3763975992234e-4,575
1553,8.154091781415941e-5,4058
1554,1.8609401237643e-4,2342
1555,6.71147851250832e-5,4276
1556,1.6980949172854e-4,2610
1557,6.7648026748845e-4,34
1558,9.1120279170348807e-05,3900
1559,6.785378258044708e-5,4262
1560,2.3565934389202e-4,1502
1561,4.3815128524589707e-5,4545
1562,1.0545528752415e-4,3662
1563,1.9580280197635e-4,2193
1564,3.244784466537355e-5,4629
1565,1.7055636107239e-4,2599
1566,2.5105109165491e-4,1291
1567,1.1687655201823e-4,3469
1568,1.0075978321985e-4,3742
1570,2.5840821714522e-4,1192
1571,3.3336850123627e-4,589
1572,2.5987423917496e-4,1175
1573,4.687397735444976e-5,4527
1574,1.5978797013132e-4,2769
1575,3.625981457903e-4,464
1576,1.8846580265388e-4,2300
1577,2.5278497660502e-4,1268
1578,1.3287361404576e-4,3214
1579,1.0513077911219e-4,3665
1580,1.2896770300994e-4,3274
1581,6.101980364384304e-5,4369
1582,2.0067845622012e-4,2112
1583,3.0041554228651e-4,815
1584,2.86384561242e-4,916
1585,3.1239913067552e-4,733
1586,1.5224140557971e-4,2905
1587,6.607704533724876e-5,4291
1588,3.2770767858133e-4,624
1589,4.587094462738024e-5,4533
1590,8.746902929689999e-5,3962
1591,3.168916726731e-4,703
1592,9.250919578292086e-5,3876
1614,8.565681897973178e-5,4001
1615,5.59345831789603e-5,4423
1616,1.2401038702469e-4,3351
1617,4.984458631896278e-5,4497
1618,6.230622326068e-4,56
1619,9.7247006964252e-4,3
1620,3.5704088669267e-4,479
1621,6.738575952815404e-5,4273
1622,9.118041314201113e-5,3899
1623,2.4693666381721e-4,1342
1624,2.5508495681904e-4,1232
1625,2.2046651592088e-4,1723
1626,6.953612724488477e-5,4245
1628,3.4869954263906366e-5,4617
1629,3.244784466537355e-5,4629
1630,8.624056994035082e-5,3992
1726,2.3225575234957e-4,1553
1727,7.927074117224086e-5,4093
1728,3.2640474266236e-4,630
1729,1.4313186447591e-4,3048
1730,7.053940969715757e-5,4231
1731,3.5645352119884e-4,482
1732,6.456606159818545e-5,4320
1733,2.3490029570072e-4,1516
1734,7.9701754423329e-4,14
1735,1.9056085016535e-4,2274
1736,9.89259080225702e-5,3774
1737,3.868950342180586e-5,4588
1738,1.1224134683261e-4,3545
1739,2.1630200281042e-4,1785
1740,6.510279501059279e-5,4307
1741,3.580031133851849e-5,4608
1742,2.2881284913955e-4,1605
1743,2.803317493878e-4,970
1744,3.072398747165e-4,770
1745,3.244784466537355e-5,4629
1746,2.2349650902992e-4,1680
1747,8.256888551982283e-5,4047
1757,4.337775584993287e-5,4549
1758,7.822551198847624e-5,4106
1759,2.4715995695079e-4,1341
1760,1.0169420782458e-4,3721
1761,2.3631526731647e-4,1497
1762,2.0747655374087e-4,2010
1763,1.5353249129933e-4,2878
1764,3.0091301032604e-4,811
1765,2.9605555006651e-4,851
1766,1.2262749054526e-4,3378
1767,1.221987915926e-4,3385
1768,2.7379742711214e-4,1050
1770,1.7940233207885e-4,2451
1771,2.1970436304443e-4,1735
1772,1.4301657298097e-4,3051
1773,1.14625168271e-4,3502
1774,6.117797874915784e-5,4365
1791,8.037348003321446e-5,4075
1792,2.0137902550036e-4,2104
1793,1.7327936782988e-4,2548
1794,5.920262917734172e-5,4387
1795,1.3984191236656e-4,3107
1796,1.7959375709829e-4,2449
1797,2.3614678624067e-4,1498
1798,2.3529736391801e-4,1508
1799,1.8437531168902e-4,2377
1800,2.298429886361e-4,1593
1801,3.2776034537982e-4,623
1802,2.0200400768873e-4,2090
1803,1.687007637242e-4,2630
1804,8.720462629425763e-5,3968
1805,3.1437882692534e-4,725
1806,3.405804666396e-4,560
1807,1.1789433209453e-4,3450
1808,1.4658215948687e-4,2987
1809,1.5622701372446e-4,2832
1810,8.322454666526257e-5,4040
1811,2.0505664506973e-4,2048
1812,2.5745152689717e-4,1205
1813,8.410829397188994e-5,4028
1814,8.367928883232267e-5,4033
1815,3.1934475933273e-4,683
1816,1.1354841226249e-4,3522
1817,1.6306067790585e-4,2714
1818,1.0146610508973e-4,3726
1819,1.7609816879265e-4,2499
1820,1.384608120351e-4,3125
1821,3.0998848078248e-4,753
1822,3.1834271751974e-4,690
1823,1.1221600093296e-4,3546
1824,8.513723063633796e-5,4013
1825,4.1370286694616e-4,276
1826,4.256002071252673e-5,4564
1827,2.3744830587169e-4,1484
1828,2.1499445690217e-4,1898
1829,1.4618691912078e-4,2995
1830,7.55580379325321e-5,4147
1831,1.4240796971065e-4,3065
1832,1.9659775326133e-4,2179
1833,2.0207205735697e-4,2088
1847,1.0286506984143e-4,3710
1848,1.0566566395113e-4,3656
1849,9.154338417227632e-5,3896
1850,1.8157044717334e-4,2419
1851,1.8301904509181e-4,2402
1852,2.9273739371431e-4,872
1853,2.1076746973916e-4,1968
1854,1.01096346408e-4,3730
1855,1.7461765678962e-4,2520
1856,6.52799192574776e-5,4303
1857,2.3468667398303e-4,1520
1858,2.5012593374872e-4,1304
1859,1.5354407506951e-4,2876
1860,2.0284942192126e-4,2075
1861,4.3901900752815e-4,225
1862,2.2944705844305e-4,1597
1863,2.0654858316928e-4,2024
1864,2.476653930125e-4,1336
1865,2.1105463784659e-4,1959
1866,1.2890815086451e-4,3275
1867,1.1108822256382e-4,3564
1868,4.0989293740145e-4,295
1869,2.9932288555286e-4,823
1870,2.021836492084e-4,2087
1871,1.7791266636996e-4,2471
1872,2.8569801409526e-4,920
1873,2.0093326441783e-4,2110
1874,1.0791255510386e-4,3616
1875,2.5839708476032e-4,1193
1876,3.1160328430103e-4,740
1877,1.5330897358511e-4,2881
1878,2.5315087862394e-4,1261
1879,6.658636302175976e-5,4283
1880,1.3731334498343e-4,3142
1881,1.7197801739154e-4,2572
1882,2.1625113858931e-4,1878
1883,2.3047382473965e-4,1581
1884,1.4686330414678e-4,2980
1885,2.6703431878624e-4,1106
1886,1.2112138907035e-4,3400
1887,2.4026405329982e-4,1453
1888,2.0006080085877e-4,2128
1889,2.6115405680635e-4,1166
1890,2.5597458417909e-4,1225
1891,1.5133897658143e-4,2922
1892,1.1450884152705e-4,3506
1900,2.4517057022532e-4,1376
1901,1.5286393162988e-4,2888
1902,3.4384873319425e-4,535
1903,1.2506142796235e-4,3331
1904,2.1339927363245e-4,1922
1905,1.3825625595861e-4,3129
1906,5.8087067172973e-4,75
1907,8.054107538880831e-5,4070
1908,1.5767178234545e-4,2807
1909,7.33149204670672e-5,4192
1910,4.0624802208079e-4,305
1911,1.1685639766808e-4,3470
1912,1.9987329799948e-4,2129
1913,1.8456995389893e-4,2373
1914,1.71537141524e-4,2579
1915,1.8341634396951e-4,2394
1916,1.5698267628459e-4,2820
1917,2.3429559263321e-4,1525
1918,1.0982690137394e-4,3584
1919,1.4959458056977e-4,2940
1920,1.3542044287543e-4,3175
1921,2.2370885401371e-4,1673
1922,2.4446766909902e-4,1390
1923,2.0512750307967e-4,2046
1924,1.9795448397697e-4,2151
1925,8.693858476137962e-5,3974
1926,1.4234606344609e-4,3066
1927,1.0860544894105e-4,3607
1928,1.8638356091194e-4,2339
1929,6.7238345026924e-4,35
1930,1.2070992412954e-4,3404
1931,5.8650081468044e-4,69
1932,7.675691637735928e-5,4129
1933,3.4678910250477e-4,518
1934,1.2983408575005e-4,3254
1935,5.655286058640338e-5,4412
1936,3.676711213108e-4,442
1937,1.4330696152599e-4,3043
1938,1.4644106812573e-4,2990
1939,1.785875623182e-4,2463
1940,6.6632472108786e-4,41
1941,1.2028836105589e-4,3413
1942,4.186543385188162e-5,4572
1943,2.0887368870871e-4,1992
1944,1.19760522176e-4,3424
1945,1.9661004299273e-4,2178
1946,3.0033278306665e-4,817
1947,3.4232823292846e-4,546
1948,5.541552109014259e-5,4428
1949,4.1282856654163e-4,282
1950,8.720459618337417e-5,3969
1951,3.2620948575417e-4,632
1952,3.9420837231317e-4,352
1953,2.5344520247001e-4,1255
1954,5.708293541858268e-5,4408
1955,1.8666505871216e-4,2331
1956,3.580176135666733e-5,4607
1957,3.7966734213988e-4,396
1958,2.0543129504846e-4,2042
1959,2.1882343885432e-4,1755
1960,1.0698877541585e-4,3633
1962,8.298318900004023e-5,4043
1963,2.3210799980999e-4,1556
1964,3.0862694631376e-4,764
1965,4.518197135147504e-5,4537
1966,5.2245312383437e-4,118
1967,7.405409233519642e-5,4179
1968,4.1171026547383e-4,289
1969,6.294137188110258e-5,4342
1970,1.7158631774441e-4,2578
1972,2.9094871833827e-4,883
1973,6.2035179201993e-4,58
1975,7.475174325192576e-5,4160
1976,3.6322082879698e-4,459
1977,8.4297860636555e-4,12
1978,3.709082328244003e-5,4599
1979,5.3864669532471e-4,103
1981,3.666154577796e-4,449
1982,1.1158385568653e-4,3556
1983,3.7152230522787e-4,423
1984,2.0154016472664e-4,2099
1985,1.6344487534028e-4,2710
1987,3.4594399301863175e-5,4618
1988,3.1347836259202e-4,728
1989,1.0069080451238e-4,3748
1990,1.9620493665051e-4,2185
1991,1.7636891132518e-4,2492
1992,1.7965903748893e-4,2448
1993,2.3302329871003e-4,1544
1994,1.3541557069555e-4,3176
1995,6.777902830839327e-5,4263
1996,5.651967343292788e-5,4413
1998,7.512927023037229e-5,4153
1999,3.1598858631343e-4,710
2000,2.6990190920253e-4,1080
2001,4.527632034932979e-5,4536
2002,2.2115842688184e-4,1713
2003,1.2550584447263e-4,3326
2004,1.0646077480689e-4,3647
2005,1.5269880200075e-4,2894
2006,3.687321308474187e-5,4601
2007,2.1630200281042e-4,1785
2008,1.8113982301251e-4,2431
2009,1.2721985835192e-4,3302
2010,3.0159133450605e-4,802
2011,2.1872118805958e-4,1757
2012,8.354687468911506e-5,4036
2013,2.531091717638e-4,1262
2014,3.1130996571029e-4,743
2015,4.678183886465849e-5,4529
2016,1.5673684070046e-4,2823
2017,3.244784466537355e-5,4629
2018,7.721941609992999e-5,4122
2019,9.682937334412598e-5,3808
2021,3.776188025586183e-5,4594
2022,2.2670173793764e-4,1633
2023,7.37954888278004e-5,4186
2024,6.870897703207296e-5,4253
2025,4.2968799251312715e-5,4556
2026,5.3194488122186e-4,112
2027,4.1691534939229e-4,267
2028,3.4830110262746e-4,509
2029,5.064717503837e-4,133
2030,5.4208885380333576e-5,4442
2031,2.3985145040667e-4,1458
2032,8.750351733948773e-5,3961
2033,5.528720994519858e-5,4430
2034,1.5965057334286e-4,2773
2035,4.0499988185697e-4,309
2036,7.741440364391797e-5,4117
2037,4.6851406431745e-4,179
2038,7.172419766137467e-5,4216
2039,1.5896679523751e-4,2784
2040,4.6874547366487e-4,178
2041,1.9352299543048e-4,2227
2062,3.7707649207651e-4,406
2063,2.2722207231593e-4,1623
2064,4.462735989519e-4,219
2065,1.2134858066079e-4,3397
2066,2.4606340700073e-4,1359
2067,9.838155631968012e-5,3781
2068,3.7627946883425e-4,409
2069,4.2639535519368e-4,249
2070,2.3395703836467e-4,1529
2071,7.853780440940472e-5,4103
2072,1.9710544843372e-4,2171
2073,2.5867568118521e-4,1189
2074,2.9740940218633e-4,842
2075,1.3600906549294e-4,3170
2076,1.5142462210227e-4,2921
2077,9.40917955775286e-5,3856
2078,9.930263634719069e-5,3770
2079,1.4841485578922e-4,2954
2080,8.529779825569065e-5,4010
2081,7.121206655028668e-5,4221
2082,7.326530926881989e-5,4193
2083,3.4746346857879e-4,513
2084,1.3725900237814e-4,3143
2085,1.539881914988e-4,2869
2086,6.469751427122774e-5,4313
2087,9.491149918105582e-5,3844
2088,6.917982909801192e-5,4248
2089,2.0990782412277e-4,1978
2090,4.850604132480596e-5,4512
2091,4.6248586831505e-4,187
2092,1.8271804446079e-4,2404
2093,4.0401952775813e-4,314
2094,3.7444655873184e-4,413
2095,3.1982516598525e-4,681
2096,1.4298958063661e-4,3052
2097,2.6732536790727e-4,1103
2098,2.3839273153687e-4,1473
2099,1.6081319535818e-4,2756
2100,2.4522200382251e-4,1374
2101,5.417890552603539e-5,4443
2102,2.0009754479928e-4,2127
2103,1.2064791079358e-4,3405
2104,1.5743587621111e-4,2815
2105,2.0843366605838e-4,1995
2106,2.2381299117458e-4,1671
2107,1.7525126769449e-4,2510
2108,1.4810634135885e-4,2957
2109,7.489575042866e-4,18
2110,4.1336914862857e-4,280
2111,6.44704068012928e-5,4321
2112,9.09860189375815e-5,3904
2113,1.0309133615037e-4,3707
2114,2.8421906423389e-4,938
2115,1.4430225136561e-4,3026
2116,1.4493869548337e-4,3013
2117,2.3294710266532e-4,1547
2118,4.9765506477336e-4,142
2119,8.787912964730948e-5,3954
2120,1.3904935418542e-4,3116
2121,2.8672705980951e-4,911
2122,1.5057301982915e-4,2931
2123,7.689883287447148e-5,4125
2124,2.6351145866624e-4,1142
2125,2.5944541361451e-4,1178
2126,1.0917098801642e-4,3594
2127,2.8012547626238e-4,974
2128,2.1982004124783e-4,1734
2129,1.2911201162946e-4,3272
2130,1.2003248426432e-4,3420
2131,2.9438921678726e-4,859
2132,9.815156897414216e-5,3786
2133,1.5378245200497e-4,2872
2134,1.3138144095816e-4,3236
2135,1.2084494624741e-4,3403
2136,1.4144261454303e-4,3081
2137,1.6208573385105e-4,2733
2138,5.3698658223149e-4,105
2139,1.3699831968205e-4,3147
2140,2.0370888719593e-4,2059
2141,4.4096374415953e-4,223
2142,2.9719214726144e-4,843
2143,2.7459909130212e-4,1041
2144,1.2061997565907e-4,3407
2145,2.3376244864271e-4,1533
2146,1.2631515778476e-4,3313
2155,2.015106701242e-4,2100
2156,1.6932359600848e-4,2619
2157,3.392421001519e-4,567
2158,3.4384238680977e-4,536
2159,1.1799185480006e-4,3448
2160,1.2848427159817e-4,3282
2161,2.4404224130619e-4,1400
2162,1.2543107258513e-4,3327
2163,3.244784466537355e-5,4629
2164,2.9478313294843e-4,857
2165,2.2677154298867e-4,1631
2167,8.659166969043845e-5,3983
2168,4.1273349926603e-4,283
2169,2.2501726583582e-4,1653
2170,7.879079359469573e-5,4100
2171,4.215160699368712e-5,4570
2172,3.0941414648557e-4,759
2173,1.1997493363862e-4,3421
2174,1.002957802189e-4,3759
2175,3.363027058026e-4,580
2176,1.9040177891734e-4,2276
2177,2.4649855730873e-4,1351
2178,6.228864702358645e-5,4350
2179,9.320449882174436e-5,3869
2180,1.1949863233546e-4,3428
2181,1.3574277720809e-4,3174
2182,5.694153240712652e-5,4410
2183,1.3664353711955e-4,3155
2184,4.8521519964115e-4,159
2185,8.153923848993716e-5,4059
2186,3.5518184604847e-4,484
2187,2.6421534280459e-4,1134
2188,1.5243261570422e-4,2901
2189,2.3533218742255e-4,1507
2190,9.413269384663786e-5,3855
2191,1.3481022921858e-4,3191
2192,1.7366647437419e-4,2540
2193,2.4498181779486e-4,1378
2194,4.9361891934564e-4,148
2195,8.95735849195381e-5,3926
2196,5.3989203751236234e-5,4447
2197,4.0015616095548e-4,326
2198,1.0053282743014e-4,3752
2199,1.3504083191901e-4,3186
2200,2.4131247053502e-4,1442
2201,1.4282865561118e-4,3055
2202,4.6444081581056e-4,183
2203,4.0434468089252e-4,311
2204,2.751603662825e-4,1034
2205,8.601366841189424e-5,3995
2206,9.661899052470668e-5,3814
2207,2.2708684616924e-4,1626
2208,1.8946051213172e-4,2286
2209,5.3258436235452e-4,109
2210,2.1562953857646e-4,1886
2211,4.7099588117683626e-5,4526
2237,1.2355167173715e-4,3357
2238,1.8512842521148e-4,2362
2239,1.0744836713825e-4,3625
2240,8.563910845346367e-5,4003
2241,8.030944701446015e-5,4076
2242,2.3886250208451e-4,1466
2243,1.2503527564153e-4,3333
2244,5.677933741404e-4,80
2245,2.0356350525327e-4,2062
2246,2.2027167586499e-4,1727
2247,2.1254733373482e-4,1935
2248,2.3373674762876e-4,1534
2249,1.9662391125058e-4,2177
2250,3.1691265728931e-4,702
2251,1.0681629496531e-4,3638
2252,1.0300623937644e-4,3709
2253,2.4149966163455e-4,1439
2254,1.5602790200997e-4,2834
2255,1.792313720606e-4,2455
2256,2.1863026909488e-4,1758
2257,1.2173618556719e-4,3390
2258,2.7626677292663e-4,1020
2259,5.724734815354411e-5,4407
2265,1.3052018622663e-4,3249
2266,1.6743145411631e-4,2650
2267,6.811326314417593e-5,4259
2268,3.5364358336926e-4,487
2269,1.2489828595116e-4,3338
2270,2.1669882290378e-4,1779
2271,1.9790488374876e-4,2152
2272,4.2967490759747e-4,244
2273,1.4944613114454e-4,2944
2274,6.868226918279311e-5,4254
2275,3.2113483786257e-4,670
2276,1.9473234312126e-4,2212
2277,1.8711523714902e-4,2319
2278,2.0771068005531e-4,2005
2279,4.4695868398417e-4,218
2280,2.2085963021983e-4,1718
2281,1.6265686203619e-4,2718
2282,1.1704599050592e-4,3466
2283,2.6393632703275e-4,1136
2284,3.3655301569409e-4,578
2285,1.8634407096328e-4,2340
2286,2.1014533774478e-4,1974
2287,2.8455577827795e-4,934
2288,2.808591198935e-4,965
2289,1.8381322556542e-4,2385
2290,1.4677180710514e-4,2984
2291,2.2860036416936e-4,1607
2315,2.2767928787595e-4,1616
2316,8.01782920473631e-5,4081
2317,5.181423595050111e-5,4479
2318,7.210701576069928e-5,4211
2319,6.632796045156716e-5,4286
2320,3.7059072714228e-4,428
2321,2.4042663399084e-4,1450
2322,2.2893561112044e-4,1602
2323,5.32623107242675e-5,4460
2324,5.148612971100306e-5,4481
2325,2.3042470047547e-4,1582
2326,5.786205960566544e-5,4404
2327,1.1929701741873e-4,3432
2328,5.5066199949151e-4,93
2329,2.078620912714e-4,2003
2330,3.017218415961e-4,800
2331,2.0840860058647e-4,1996
2332,2.2081517189183e-4,1720
2333,3.8274970388341e-4,389
2334,3.7535159679891e-4,412
2335,6.21149808776988e-5,4354
2336,3.0495340623788e-4,783
2337,6.376506377135747e-5,4334
2338,1.2701774242244e-4,3303
2339,4.5535480194213e-4,208
2340,7.1086323368411e-4,24
2341,9.222690876613313e-5,3878
2342,1.4679059717353e-4,2983
2343,1.5600246477612e-4,2835
2344,1.1598571790729e-4,3485
2345,3.0003425519821e-4,819
2346,2.9741466806085e-4,841
2347,5.5928383146039e-4,84
2348,2.1833944335099e-4,1765
2349,1.882197795606e-4,2303
2350,7.257328142828099e-5,4205
2351,3.6883045020851e-4,437
2352,1.9730812654068e-4,2168
2353,4.991984999727125e-5,4495
2354,7.726213243332042e-5,4120
2355,1.5805148396993e-4,2801
2356,2.0339124397381e-4,2069
2377,2.7920964793366e-4,988
2378,3.0249412585824e-4,798
2379,1.2437340632567e-4,3345
2380,2.7022772257921e-4,1077
2381,2.607032063417e-4,1168
2382,9.450380424216994e-5,3848
2383,4.5379270866133e-4,212
2384,1.7280246621408e-4,2558
2385,1.071960361077e-4,3629
2386,3.4847024389072e-4,507
2387,2.2221047959126e-4,1699
2388,4.954422735784964e-5,4502
2389,1.5857484516715e-4,2791
2390,2.4851069643292e-4,1327
2391,5.197813344773165e-5,4476
2392,2.1229705773103e-4,1939
2393,9.700860171511985e-5,3799
2394,2.8174581706853e-4,960
2395,1.2376053232321e-4,3353
2396,8.930268465082167e-5,3928
2397,1.952853185738e-4,2201
2398,2.282802440495e-4,1609
2399,1.4141543495348e-4,3085
2400,7.707912967154503e-5,4123
2401,2.1630200281042e-4,1785
2402,7.123225752612346e-5,4220
2406,2.1630200281042e-4,1785
2408,2.1630200281042e-4,1785
2410,5.811377107611561e-5,4400
2411,2.2496469735142e-4,1656
2412,1.2785246530942e-4,3288
2413,1.4592181722734e-4,3001
2414,7.749024034732656e-5,4116
2415,1.9448339306864e-4,2214
2416,9.1722777030725e-5,3888
2417,6.7204696482556e-4,36
2418,1.5189984825466e-4,2913
2419,7.251697127464274e-5,4206
2420,1.9063850110981e-4,2272
2421,2.2455216682195e-4,1661
2422,2.1630200281042e-4,1785
2423,2.417191727809e-4,1434
2424,2.0996122705589e-4,1976
2425,6.431344126004042e-5,4323
2426,3.2436274231487e-4,643
2427,2.8458645510038e-4,933
2428,2.0402660523748e-4,2051
2429,1.71702774982e-4,2575
2430,1.0462076368394e-4,3674
2432,9.391376060494642e-5,3862
2433,2.1630200281042e-4,1785
2434,2.1630200281042e-4,1785
2435,2.1630200281042e-4,1785
2438,2.1630200281042e-4,1785
2439,2.1630200281042e-4,1785
2440,3.0676689441393e-4,772
2441,2.9829117192006e-4,833
2442,3.4104355157367e-4,555
2443,3.1007703749426e-4,751
2444,2.1630200281042e-4,1785
2446,1.8354602652937e-4,2391
2447,9.19832359410768e-5,3882
2448,4.946105422447e-4,147
2449,8.627624140960686e-5,3991
2450,2.3689220624628e-4,1490
2451,3.244784466537355e-5,4629
2453,4.337268138417785e-5,4550
2454,2.1630200281042e-4,1785
2455,2.1630200281042e-4,1785
2456,4.9637772645388966e-5,4501
2458,8.730886948530949e-5,3966
2459,2.1630200281042e-4,1785
2460,6.552069986219192e-5,4298
2461,2.1630200281042e-4,1785
2462,2.1630200281042e-4,1785
2464,5.1835286123452074e-5,4478
2469,2.1630200281042e-4,1785
2470,2.1630200281042e-4,1785
2471,2.1630200281042e-4,1785
2472,5.618882659530995e-5,4421
2473,8.021780484975783e-5,4078
2474,2.1630200281042e-4,1785
2475,1.8131642508136e-4,2427
2476,2.1630200281042e-4,1785
2477,2.1630200281042e-4,1785
2478,3.9073593732179e-4,366
2479,1.621114818272e-4,2731
2480,4.257588474516941e-5,4563
2481,6.388205610712293e-5,4332
2482,1.1165208204177e-4,3554
2483,5.346169955260258e-5,4457
2485,3.244784466537355e-5,4629
2486,5.2917423011233946e-5,4467
2487,4.0015616095548e-4,326
2488,1.8140863534148e-4,2423
2489,1.1859190284129e-4,3442
2490,2.8366987807569e-4,948
2491,2.987919587988e-4,826
2492,1.8809182128036e-4,2307
2493,1.9052837544349e-4,2275
2494,9.51155714910436e-5,3837
2495,5.3936323208052e-4,102
2496,8.596513488207905e-5,3997
2497,1.9759249801869e-4,2158
2498,1.0395085362316e-4,3684
2499,2.731879443148e-4,1055
2500,2.1021717545181e-4,1972
2501,3.6674176447602e-4,448
2502,2.1630200281042e-4,1785
2503,9.747586697989898e-5,3792
2504,3.0333085593563e-4,791
2505,9.679689633153116e-5,3809
2506,6.192859083837007e-5,4357
2507,2.1630200281042e-4,1785
2509,1.6195205003677e-4,2736
2510,2.6772475394959e-4,1100
2511,2.5128396380732e-4,1285
2512,3.244784466537355e-5,4629
2513,9.105073168891936e-5,3902
2514,1.1748509330102e-4,3457
2515,6.549598351827954e-5,4299
2516,2.2025904108066e-4,1728
2517,5.643727127436967e-5,4416
2518,1.5289548976249e-4,2886
2519,1.1397275356056e-4,3518
2520,5.198400040539e-4,119
2521,2.2114404166936e-4,1714
2522,6.4232180420974e-4,47
2523,6.999517421654743e-5,4240
2525,1.1750672933284e-4,3456
2526,4.3327417162459e-4,235
2528,3.4643431965018e-4,520
2529,2.9119727820898e-4,882
2530,3.3071147014747e-4,606
2531,1.9509364979529e-4,2206
2532,4.783993853111e-4,169
2533,1.7649432160419e-4,2491
2534,1.2185585349128e-4,3387
2535,3.0284046228452e-4,795
2537,3.140651207853e-4,726
2538,8.554036899763113e-5,4006
2539,2.4184179399066e-4,1431
2540,3.6798481502057e-4,441
2541,4.24751579126803e-5,4567
2542,6.2950515145481e-4,50
2543,7.8611426421668e-4,15
2545,1.1521006811355e-4,3494
2547,1.3446693397477e-4,3195
2548,1.6530290742669e-4,2676
2549,2.6793751477801e-4,1096
2550,3.7006123333379e-4,431
2552,4.642859626846e-4,184
2553,2.6083338221384e-4,1167
2554,2.2084044317996e-4,1719
2555,3.7836750967105e-4,400
2556,1.4150610911324e-4,3079
2557,3.0421716557779e-4,787
2558,1.4290870721865e-4,3054
2559,3.1610312415735e-4,709
2560,1.9506765662226e-4,2208
2561,2.0931473542024e-4,1986
2562,1.8538457748716e-4,2353
2563,1.9416009343209e-4,2216
2564,1.3086826689133e-4,3246
2565,2.7125136922076e-4,1070
2566,7.463185364967875e-5,4164
2567,8.440310926199202e-5,4026
2568,3.6322623899741e-4,458
2569,3.984859923100637e-5,4580
2570,3.293972568525e-4,612
2572,3.2032668804626e-4,676
2573,5.5556390608840135e-5,4427
2574,4.320254323171374e-5,4551
2575,9.660442607945744e-5,3815
2576,1.9936818744766e-4,2135
2577,3.584461581401708e-5,4605
2578,2.854116081622e-4,923
2579,4.449859059939302e-5,4542
2580,1.8139956636045e-4,2424
2581,2.7821889965874e-4,997
2582,3.244784466537355e-5,4629
2583,3.7071613850929e-4,426
2584,4.276113369420617e-5,4560
2585,1.0900144431822e-4,3599
2586,5.1523067720947e-4,125
2587,3.731328653436354e-5,4597
2588,6.577451772478042e-5,4293
2590,2.1630200281042e-4,1785
2591,1.8461876144184e-4,2372
2593,2.1630200281042e-4,1785
2595,5.442346805479867e-5,4441
2597,5.3804392170034784e-5,4452
2599,4.8924170991411e-4,153
2600,7.54363407779612e-5,4148
2601,4.972731010465457e-5,4498
2602,1.732239874634e-4,2551
2604,1.6400740182074e-4,2702
2605,3.0915589037415e-4,762
2606,4.1236956329892e-4,285
2608,7.623802031805061e-5,4138
2609,2.9215650295464e-4,878
2610,1.7420745663622e-4,2526
2611,2.4337186653706e-4,1413
2612,1.490383054851e-4,2949
2613,2.178799100647e-4,1773
2614,4.3524849965013e-4,232
2615,3.543702811995309e-5,4612
2616,8.4756150675376e-4,11
2618,3.0667187853715e-4,773
2619,2.1360522523217e-4,1918
2620,6.487912468332081e-5,4312
2621,1.5457891220919e-4,2859
2622,9.896098685640146e-5,3773
2623,1.2610049464972e-4,3318
2624,1.4312474645802e-4,3049
2625,1.6240104049619e-4,2727
2626,3.6937505996709e-4,434
2627,1.2281753777674e-4,3374
2628,1.7272418277797e-4,2561
2629,3.7759703805807e-4,403
2630,1.6125137670962e-4,2750
2632,1.7656713481614e-4,2490
2634,5.8043234221642705e-5,4402
2635,1.2733196725055e-4,3300
2636,2.5262883450931e-4,1271
2637,5.3136024513038776e-5,4465
2638,1.7335228239538e-4,2546
2639,3.8482364539278e-4,383
2640,1.5095322473325e-4,2926
2641,2.7581454994476e-4,1026
2642,6.2173796652084e-4,57
2643,1.1299353391699e-4,3532
2644,5.866394050815988e-5,4392
2645,2.4411522604638e-4,1398
2646,2.5276480600949e-4,1269
2647,2.1021398917573e-4,1973
2648,5.4758304471945e-4,97
2649,1.7008042609951e-4,2604
2650,7.734675330883233e-5,4118
2651,1.360660636734e-4,3168
2652,2.5109729457681e-4,1289
2653,6.999517421654743e-5,4240
2655,2.3665996105629e-4,1493
2672,1.23474396518e-4,3360
2673,2.5671559704508e-4,1214
2674,2.7663048954823e-4,1015
2675,3.9836645791167e-4,336
2676,1.0788810316597e-4,3617
2677,1.6816494768842e-4,2641
2678,3.0144961601049e-4,804
2679,8.704710400067012e-5,3970
2680,1.3134390188219e-4,3238
2681,1.1348656716133e-4,3524
2682,1.8024082013262e-4,2442
2683,6.031394317505794e-5,4371
2684,1.3103798834364e-4,3244
2685,7.794625464866523e-5,4109
2696,1.7789384713709e-4,2472
2697,2.3488531094319e-4,1517
2698,1.9713576134314e-4,2170
2699,1.5855465172022e-4,2792
2700,5.444509906440139e-5,4440
2701,2.9395681660037e-4,861
2702,2.4581440984447e-4,1364
2703,1.0159521971927e-4,3723
2704,3.4096832219206e-4,557
2705,1.4544698567266e-4,3007
2706,2.7280007200913e-4,1058
2707,5.3385573938295e-4,106
2708,5.457380090655372e-5,4438
2709,3.0467887891542e-4,785
2710,1.092080934498e-4,3593
2711,1.2266538480797e-4,3377
2712,1.5034462217955e-4,2933
2713,5.021021739751106e-5,4490
2714,3.8411330885151e-4,387
2715,5.227228952414815e-5,4471
2716,2.7705049693243e-4,1007
2717,4.882296727221942e-5,4508
2718,1.4323257367257e-4,3046
2719,1.3680377520754e-4,3151
2720,2.9805059080043e-4,835
2721,4.015956636050667e-5,4577
2722,6.64578697232023e-5,4284
2723,1.5667439348196e-4,2824
2724,1.8344620034106e-4,2392
2725,1.4211892672974e-4,3069
2726,8.919303712604112e-5,3931
2727,1.444790947085e-4,3022
2728,2.6467222896089e-4,1126
2729,1.634568050186e-4,2708
2730,2.0644886442016e-4,2026
2731,1.3765029245668e-4,3140
2732,1.0763820419193e-4,3622
2733,4.5915337369068e-4,200
2734,3.4102231680334e-4,556
2735,2.955021550618e-4,853
2736,3.970501358061e-4,341
2737,1.5279459193304e-4,2891
2738,2.8371545826677e-4,947
2739,1.2865696976322e-4,3278
2740,2.3953991488623e-4,1460
2741,3.9270090267753e-4,359
2742,5.0478445726684e-4,134
2743,3.0993862081288e-4,756
2750,2.1468269800565e-4,1901
2751,7.6067041027202e-4,17
2752,3.1610788282947e-4,708
2753,2.3689354412909e-4,1489
2754,2.3205446475204e-4,1557
2755,5.5561576216299846e-5,4426
2756,2.5379721062993e-4,1250
2757,2.272785354465e-4,1622
2758,1.0104260932346e-4,3735
2759,1.8126435204909e-4,2428
2760,7.3432994395097e-4,20
2761,3.7974345309688e-4,395
2762,7.789508018484902e-5,4110
2763,5.318568432707373e-5,4464
2764,3.539552732407747e-5,4613
2765,9.158238042032747e-5,3893
2766,3.0782418779989e-4,766
2767,3.121166895839e-4,735
2768,1.0689881616216e-4,3634
2769,1.0718214088667e-4,3630
2770,1.2166832665601e-4,3392
2771,4.212155362883952e-5,4571
2772,2.9075605517769e-4,884
2773,3.896915566586929e-5,4586
2774,2.537146599476e-4,1252
2775,4.7848250575635e-4,168
2776,2.1687190512535e-4,1777
2777,3.9166517847228e-4,363
2778,2.9299390830397e-4,868
2779,1.8950031773459e-4,2285
2780,1.6409063713858e-4,2697
2781,2.9850301826684e-4,832
2782,1.6379507574963e-4,2705
2783,2.267279364535e-4,1632
2784,6.636702679197373e-5,4285
2785,1.8387720978295e-4,2384
2786,1.4523191888965e-4,3010
2787,9.028814608794426e-5,3914
2788,2.7494866914817e-4,1037
2790,2.6644918088582e-4,1113
2791,1.8862462605684e-4,2299
2792,2.3699831449668e-4,1488
2793,2.669396662819e-4,1108
2794,2.2447450342508e-4,1662
2795,6.625187236753802e-5,4288
2796,1.5867928352534e-4,2789
2797,6.372081206690208e-5,4335
2798,8.688807815218316e-5,3975
2799,1.8765641481681e-4,2314
2800,2.0628230157333e-4,2030
2801,1.9108930975752e-4,2261
2802,0.00034482775863481997,526
2803,1.9557167443748e-4,2195
2804,1.3059511999563e-4,3248
2805,4.9076755353206e-4,151
2806,1.3302696404156e-4,3213
2807,4.1225861066376e-4,286
2808,2.316517203191e-4,1559
2809,3.7630084370421e-4,407
2810,7.033968084252897e-5,4233
2811,1.086243940919e-4,3606
2812,4.818335841932612e-5,4513
2813,1.2273222746522e-4,3376
2814,2.1514893198479e-4,1894
2815,1.9153303038486e-4,2255
2816,1.5665651618779e-4,2826
2817,2.4170731770045e-4,1435
2818,1.8683718750605e-4,2326
2819,3.3632289183667e-4,579
2820,1.8372035119019e-4,2387
2821,6.462164441033551e-5,4316
2822,6.012431321403006e-5,4375
2823,1.2779671305749e-4,3289
2824,2.6427196780523e-4,1132
2825,1.5675951838167e-4,2822
2826,8.607462466071102e-5,3994
2827,2.0206555252166e-4,2089
2828,2.7794663832224e-4,1002
2829,1.8138185754073e-4,2425
2830,3.7283243515005e-4,420
2831,1.3132123072834e-4,3240
2832,6.536045391364873e-5,4302
2833,1.0648094763056e-4,3645
2834,1.4107168360036e-4,3091
2835,2.1770831750473e-4,1774
2836,5.449289624432049e-5,4439
2837,2.022949299275e-4,2086
2838,1.7272534408793e-4,2560
2839,9.161851475498728e-5,3891
2840,3.0601341849328e-4,777
2841,1.8928981349279e-4,2293
2842,2.6031300907698e-4,1171
2843,6.8051871502746e-4,32
2844,9.72645118983079e-5,3797
2845,8.668799418197857e-5,3980
2846,8.695044255395794e-5,3973
2847,1.9972840836603e-4,2130
2848,4.8073668398313e-4,165
2849,3.0536462990209e-4,781
2850,2.236959568419e-4,1676
2851,1.0938565742113e-4,3590
2852,1.142062455876e-4,3515
2853,1.9952074457733e-4,2132
2854,2.1630200281042e-4,1785
2855,1.6754549954927e-4,2648
2856,3.7307268518369e-4,419
2857,2.6701640848639e-4,1107
2858,1.7466073131441e-4,2519
2859,8.393111487384924e-5,4029
2860,2.1500760582101e-4,1897
2861,1.1177064423231e-4,3551
2862,1.0667999962771e-4,3640
2863,1.0665141178369e-4,3641
2864,1.6584618486531e-4,2673
2865,1.1971089764527e-4,3425
2866,1.7215499382998e-4,2570
2867,4.6104100428755e-4,192
2868,3.2134422418445e-4,668
2869,3.4841528277095e-4,508
2870,4.1047956089321e-4,293
2871,2.9235691778798e-4,875
2872,3.0309889814087e-4,794
2873,1.6425721537244e-4,2693
2874,2.422544822522e-4,1425
2875,2.1965335104948e-4,1736
2876,9.357789012143492e-5,3867
2877,2.8295955859997e-4,951
2878,1.248081260354e-4,3341
2879,1.90138782984e-4,2278
2880,4.010290705779582e-5,4579
2881,1.8076227275789e-4,2434
2882,1.8679639675378e-4,2328
2883,1.9743969299704e-4,2162
2884,1.9416864998815e-4,2215
2885,1.4624630277531e-4,2993
2886,2.0538226647236e-4,2044
2887,2.1630200281042e-4,1785
2888,2.3563712883361e-4,1503
2889,2.1630200281042e-4,1785
2890,6.466059105395973e-5,4315
2891,6.544782911864149e-5,4301
2892,2.2819530298918e-4,1610
2893,1.1762748155368e-4,3454
2894,4.750207106821637e-5,4522
2895,1.74401843799e-4,2522
2896,3.0092090214304e-4,810
2897,4.1510242408098e-4,270
2898,3.5651317074804e-4,481
2899,3.2013629895096e-4,680
2900,2.3755942066163e-4,1481
2901,1.9227311737935e-4,2247
2902,1.4914578187641e-4,2946
2903,3.5273154952405e-4,493
2904,0.00016411056099850001,2696
2905,1.8517163271117e-4,2360
2906,1.3583987720163e-4,3171
2907,1.7278793142857e-4,2559
2908,6.8875153231809e-4,28
2909,4.5449425560266e-4,209
2910,1.4412665750027e-4,3027
2911,2.798881676849e-4,979
2912,1.6309175584274e-4,2713
2913,2.9060963583477e-4,889
2914,3.2805303813459e-4,622
2915,1.6991867417005e-4,2608
2916,9.57393081019162e-5,3829
2917,2.2139495388121e-4,1710
2918,2.2630476299755e-4,1641
2919,5.4590068168965e-4,99
2920,1.7312876005984e-4,2554
2921,1.8732046308564e-4,2318
2922,2.5337622724716e-4,1257
2923,8.641288903773483e-5,3987
2924,2.7918093730027e-4,989
2925,9.529460729178968e-5,3834
2926,1.0559876120832e-4,3658
2927,1.1068674636159e-4,3572
2928,2.4199839725405e-4,1428
2929,3.9549399955566e-4,348
2930,3.1000116790132e-4,752
2931,1.2641846556491e-4,3312
2932,1.0352346876199e-4,3694
2933,7.809272377594148e-5,4107
2934,1.3659207787611e-4,3156
2935,1.2858062392171e-4,3279
2936,3.3655857593542596e-5,4626
2937,9.649481017425638e-5,3818
2938,1.0647655263126e-4,3646
2939,4.0791621457469e-4,302
2940,3.2323387754915e-4,652
2941,1.0595861915173e-4,3654
2942,3.952233826780922e-5,4582
2943,3.9041350175298e-4,367
2944,1.1217616961606e-4,3547
2945,2.4916181706692e-4,1316
2946,1.9063201987049e-4,2273
2947,1.6437351429219e-4,2689
2948,1.2322266697321e-4,3364
2949,1.7919223642035e-4,2457
2950,1.4463915846316e-4,3019
2951,6.264218533422956e-5,4346
2952,8.846884801549819e-5,3941
2953,4.6725925586043103e-5,4530
2954,1.8463793816975e-4,2370
2955,2.0805040297649e-4,2001
2956,3.6720234519779e-4,444
2957,9.509355214770682e-5,3838
2958,6.249161839123874e-5,4347
2959,1.5991019153069e-4,2766
2960,1.9555938287689e-4,2196
2961,1.0008384384725e-4,3763
2962,2.6307589146601e-4,1151
2963,1.7062385174131e-4,2596
2964,5.830717151685051e-5,4396
2965,3.0264088814118e-4,797
2966,2.3378590506535e-4,1532
2967,2.0011528099508e-4,2125
2968,3.2421744178995e-4,645
2969,1.5666472079921e-4,2825
2970,2.1195784188434e-4,1949
2971,1.5415718162694e-4,2866
2972,2.5037978825656e-4,1299
2973,6.225253057192132e-5,4351
2974,7.922603534075974e-5,4094
2975,1.1184371845721e-4,3549
2976,2.6952770471313e-4,1085
2977,1.5074592331091e-4,2928
2978,1.5745013487721e-4,2814
2979,4.6273309108995e-4,186
2980,6.437367921067378e-5,4322
2981,2.9819975558356e-4,834
2982,2.1029869724416e-4,1970
2983,2.8264287376978e-4,954
2984,3.1296049212496e-4,730
2985,3.32122054854e-4,594
2986,1.2690046451369e-4,3306
2987,3.689648296619e-4,436
2998,4.1394970778836e-4,275
2999,3.178494783494e-4,692
3000,3.2910440101405e-4,614
3001,2.1815309835994e-4,1768
3002,9.468077248329706e-5,3846
3003,1.1806871099833e-4,3447
3004,1.0342945398611e-4,3701
3005,1.0971141507253e-4,3585
3006,1.256591979521e-4,3324
3039,2.9861664960637e-4,830
3040,1.9841945395805e-4,2143
3041,3.8396969771955e-4,388
3042,1.6926725132858e-4,2623
3043,2.4920442427757e-4,1314
3044,1.6736844899032e-4,2652
3045,2.3806479700235e-4,1477
3046,4.0799402573474e-4,301
3047,2.3088913641762e-4,1572
3048,1.6763587928551e-4,2646
3049,2.0623497894128e-4,2031
3050,9.459229272914423e-5,3847
3051,7.480838142047839e-5,4157
3052,1.3899960949205e-4,3117
3053,4.5982003310241e-4,198
3054,3.2837644672179e-4,621
3055,8.520312013074325e-5,4011
3056,2.2414173296287e-4,1669
3057,1.7056952914959e-4,2598
3058,6.899476644056651e-5,4250
3059,5.568362484845795e-5,4425
3060,1.8011140959055e-4,2444
3061,1.9877976214999e-4,2139
3062,1.6127549486028e-4,2749
3063,1.1062127002899e-4,3573
3064,7.415379652354185e-5,4175
3065,1.24280746814e-4,3347
3066,4.381106077881968e-5,4546
3067,1.1056334029619e-4,3574
3068,2.3718936059855e-4,1487
3069,1.4868885697138e-4,2952
3070,1.7605323699506e-4,2500
3071,6.491988483109557e-5,4310
3072,1.8794389537746e-4,2309
3073,1.1713106274533e-4,3464
3075,2.6513950028586e-4,1123
3076,1.737939890523e-4,2536
3077,1.1113920555147e-4,3563
3078,4.4902933801668e-4,215
3079,1.0321696082105e-4,3704
3080,1.7678481983371e-4,2487
3081,1.664141662259e-4,2665
3082,2.1009882357039e-4,1975
3083,2.6400488135969e-4,1135
3084,2.1206691732761e-4,1946
3085,2.2780139238759e-4,1613
3086,1.9342637273384e-4,2228
3087,2.7652649737684e-4,1018
3088,2.054175007611e-4,2043
3089,2.1893094108397e-4,1752
3090,1.7358237534094e-4,2541
3091,2.7007833310058e-4,1078
3092,4.0832121354399e-4,300
3093,6.81257556842755e-5,4258
3094,1.1460596018323e-4,3504
3095,1.5747780953849e-4,2813
3096,1.8023680977204e-4,2443
3097,2.2227330927425e-4,1697
3098,1.5986770014871e-4,2767
3099,1.5898773652103e-4,2783
3100,1.7612880505189e-4,2498
3101,2.4662944701421e-4,1348
3102,2.2909570968894e-4,1600
3103,2.4280604904577e-4,1420
3104,2.8602929302768e-4,918
3105,1.5550911392475e-4,2843
3106,2.0176190507689e-4,2093
3107,2.8851064642173e-4,901
3108,9.4283282894892e-5,3852
3109,2.6178347101667e-4,1161
3110,1.0107680349691e-4,3733
3111,2.5563817478517e-4,1230
3112,7.2681488638407e-5,4203
3113,3.4811085665252e-4,510
3114,3.6405603007239e-4,455
3115,2.8330039338979e-4,950
3116,6.116134375661896e-5,4366
3117,2.1630200281042e-4,1785
3118,3.3914354999661e-4,568
3119,2.4385932954542e-4,1404
3120,1.3608539125299e-4,3167
3121,6.703635740296378e-5,4278
3122,3.3187151535071e-4,597
3123,3.6898862499972625e-5,4600
3124,2.8514248019196e-4,929
3125,7.390072173267956e-5,4181
3126,4.3209578770358e-4,237
3127,9.102405053054736e-5,3903
3128,3.6258415698797e-4,465
3129,2.0903843314609e-4,1989
3130,4.752605163319708e-5,4520
3131,3.244784466537355e-5,4629
3132,4.5555625005139e-4,206
3133,1.0819298955709e-4,3612
3134,1.8251091364603e-4,2408
3135,3.9931015347512e-4,331
3136,1.984963718259e-4,2142
3137,1.0073249027014e-4,3744
3138,2.9066089500066e-4,887
3139,2.2436877574174e-4,1665
3140,2.2795705830627e-4,1611
3141,3.9142747484324e-4,364
3142,2.5486965498057e-4,1234
3143,1.6594953404501e-4,2671
3144,2.3550884837528e-4,1504
3145,2.0346504956149e-4,2066
3146,2.4581890104763e-4,1363
3147,1.1909824401563e-4,3435
3148,1.7849415341676e-4,2465
3149,2.1630200281042e-4,1785
3150,1.7010905484501e-4,2603
3151,1.978304109548e-4,2154
3152,1.6176139733538e-4,2741
3153,2.448852151615e-4,1382
3154,3.4571626133774e-4,523
3155,2.2316400976697e-4,1686
3156,2.1630200281042e-4,1785
3157,3.7202351800553e-4,421
3158,1.0078275776089e-4,3740
3159,3.7067893554193e-4,427
3160,2.1917073806671e-4,1749
3161,3.7328451707708e-4,418
3162,3.9896917291846e-4,335
3163,2.8122815092493e-4,962
3164,2.6985288347695e-4,1081
3165,2.4609893542704e-4,1357
3166,2.214298941702e-4,1709
3167,1.7160856738129e-4,2577
3168,1.7382481419639e-4,2535
3169,5.340511549335686e-5,4458
3170,2.8934169083029e-4,895
3171,1.9352852899747e-4,2226
3172,1.7630836232578e-4,2494
3173,2.1630200281042e-4,1785
3174,1.2853540897304e-4,3280
3175,9.181395802042934e-5,3885
3176,1.6101400325515e-4,2752
3177,1.0106774032074e-4,3734
3178,8.778460800032009e-5,3955
3179,2.6154025724778e-4,1163
3180,1.6864183599889e-4,2633
3181,2.1630200281042e-4,1785
3182,2.4556803439354e-4,1368
3183,1.0045820646047e-4,3753
3184,1.0062070782855e-4,3749
3185,2.1630200281042e-4,1785
3186,4.5804532130985e-4,203
3187,1.2617076864481e-4,3314
3188,1.7256356127097e-4,2563
3189,3.6039790485192e-4,471
3190,4.093259484877e-4,298
3191,2.6300852151231e-4,1152
3192,1.848357009782e-4,2367
3193,2.0694581312511e-4,2017
3194,2.8420726858521e-4,939
3195,2.9576535312246e-4,852
3196,1.2058145483266e-4,3408
3197,1.4391100059621e-4,3031
3198,8.598386463306819e-5,3996
3199,5.739995626143513e-5,4406
3200,2.1630200281042e-4,1785
3201,1.6403381724939e-4,2698
3202,4.0191057885223e-4,319
3203,4.233176517902762e-5,4568
3204,2.7737274535668e-4,1005
3205,2.2634148540198e-4,1640
3206,2.2646881298222e-4,1639
3207,3.7733120858557e-4,404
3208,2.9649547818515e-4,848
3209,2.3828458183629e-4,1474
3210,2.3905343873534e-4,1464
3211,3.185390813061e-4,688
3212,1.9377625295783e-4,2220
3213,6.425876755109012e-5,4325
3215,2.1630200281042e-4,1785
3216,1.3716304505842e-4,3144
3217,1.1166092787892e-4,3553
3218,9.674612674862952e-5,3811
3219,2.5804281992484e-4,1200
3220,2.0270743235089e-4,2078
3221,1.5337787581235e-4,2880
3222,2.6548289854556e-4,1119
3223,1.5285831869012e-4,2889
3224,3.4583432910237e-4,522
3225,1.5629638275791e-4,2831
3226,1.7357597376619e-4,2543
3227,1.6428186545076e-4,2692
3228,1.0552689816726e-4,3659
3229,1.9237780944359e-4,2245
3230,2.6853091274735e-4,1094
3231,2.1630200281042e-4,1785
3232,3.374003100723e-4,576
3233,1.8117593988364e-4,2430
3234,9.340143177940648e-5,3868
3235,6.9606234163651e-4,25
3236,2.5431281162526e-4,1244
3237,1.0043351512464e-4,3754
3238,1.2485296446887e-4,3339
3239,2.7397558626765e-4,1045
3240,1.6135591203014e-4,2747
3241,9.375187883602972e-5,3865
3242,1.2296270171685e-4,3370
3243,2.2503185005542e-4,1652
3244,1.51529953765e-4,2919
3245,2.324935623443e-4,1552
3246,1.7928225156791e-4,2453
3247,2.0801378053187e-4,2002
3248,3.1865178542728e-4,685
3250,2.1630200281042e-4,1785
3251,2.3052774890728e-4,1579
3252,2.7221165613273e-4,1062
3253,2.4681171275895e-4,1343
3254,2.6322850878518e-4,1150
3255,1.4766809185247e-4,2964
3256,1.7417952601644e-4,2529
3257,2.4757053211457e-4,1337
3258,1.529745931968e-4,2885
3259,1.4023911742808e-4,3099
3260,2.3580015230736e-4,1499
3261,2.7680610493869e-4,1013
3262,1.8608810262464e-4,2343
3264,2.1630200281042e-4,1785
3265,3.5336468841941e-4,490
3266,1.414195334425e-4,3083
3267,3.8832975086399e-4,372
3268,1.1734869954262e-4,3458
3269,2.408610652772e-4,1445
3270,2.1433644874239e-4,1904
3271,1.2049078231249e-4,3410
3272,1.1870665238659e-4,3440
3273,3.0134767631226e-4,806
3274,9.64677325087959e-5,3819
3275,7.473478403148122e-5,4163
3276,1.8503622373735e-4,2364
3277,3.244784466537355e-5,4629
3278,1.7371383347824e-4,2538
3279,4.3274440615078e-4,236
3280,1.8166756360599e-4,2418
3281,3.5894050050176e-4,474
3282,1.9876894014756e-4,2140
3283,2.5247092954124e-4,1274
3284,3.7192906044969e-4,422
3285,7.382326905442147e-5,4182
3286,1.4292660428996e-4,3053
3287,4.1366352301474e-4,277
3288,3.2653752941916e-4,629
3289,3.5994649229549e-4,472
3290,3.244784466537355e-5,4629
3291,2.1630200281042e-4,1785
3292,2.3070021160972e-4,1575
3293,2.3346878428954e-4,1539
3295,2.4154961372694e-4,1436
3296,1.2916439694692e-4,3271
3297,1.8203947478707e-4,2414
3298,1.8791824756597e-4,2310
3299,1.6869317122036e-4,2631
3300,2.629450117051e-4,1154
3301,3.8478187297551e-4,384
3302,2.7246307875167e-4,1061
3303,1.2006599853612e-4,3419
3304,1.7729338344939e-4,2481
3305,3.4004291407176e-4,561
3306,3.2155641236752e-4,665
3307,1.3806338595462e-4,3131
3309,1.6248687634942e-4,2723
3310,1.3711185441428e-4,3146
3311,1.8099632016319e-4,2432
3312,5.95293882521284e-5,4383
3313,1.6470054414679e-4,2687
3314,1.3906158483629e-4,3115
3315,1.6353180873431e-4,2707
3316,4.965040310906087e-5,4500
3317,9.202102594517848e-5,3881
3318,1.5257952270781e-4,2898
3319,1.0680399876589e-4,3639
3320,2.7147786515656e-4,1069
3322,9.505175209049249e-5,3840
3323,1.9897587257902e-4,2137
3324,2.5030894615848e-4,1302
3325,1.095492161414e-4,3588
3326,1.8643011299533e-4,2337
3327,1.7738169954757e-4,2477
3328,2.2501555194068e-4,1654
3329,1.7705508248079e-4,2486
3330,7.2093270578098e-4,23
3331,1.9749511718962e-4,2161
3332,3.244784466537355e-5,4629
3333,1.7587860069578e-4,2504
3334,1.1427987652094e-4,3511
3335,2.6994934987357e-4,1079
3336,2.4903973825428e-4,1320
3337,2.2242698572705e-4,1695
3338,2.0032476543852e-4,2120
3339,1.0464058090918e-4,3671
3340,3.4130878210944e-4,553
3341,2.1655357142143e-4,1783
3342,1.5953757261919e-4,2776
3344,4.305444298611231e-5,4555
3345,2.1815567710344e-4,1767
3346,1.3194939414686e-4,3228
3347,2.7975741502783e-4,980
3348,1.8777984978449e-4,2312
3349,2.4927019131202e-4,1313
3350,2.7522390202805e-4,1033
3351,8.800794202996369e-5,3952
3352,2.1630200281042e-4,1785
3353,2.2041948002882e-4,1725
3354,3.6122885786162e-4,470
3355,1.4561022679958e-4,3005
3356,8.843324769837585e-5,3943
3357,2.868268419808e-4,909
3358,2.6161176364296e-4,1162
3359,2.1630200281042e-4,1785
3360,1.4791209958247e-4,2960
3361,1.0506856365274e-4,3667
3362,1.3145599540962e-4,3234
3363,6.2386279859244e-4,55
3364,1.4549517834655e-4,3006
3365,3.0074691485171e-4,812
3366,1.5279274156584e-4,2892
3367,1.6730690314139e-4,2655
3368,0.00030337912163545003,790
3369,3.244784466537355e-5,4629
3370,1.0348245070567e-4,3698
3371,9.4997215488611e-4,4
3372,2.5592688258504e-4,1226
3373,1.2973382276371e-4,3256
3374,3.4417075792247e-4,529
3375,1.2694495896586e-4,3305
3376,1.7344830833333e-4,2544
3377,1.7110502464168e-4,2587
3378,2.928652070575e-4,871
3379,2.4619284750793e-4,1356
3380,1.1173484549339e-4,3552
3381,5.193466817845284e-5,4477
3382,1.1670729368224e-4,3474
3384,4.253177007475739e-5,4565
3385,1.5882341855141e-4,2786
3386,3.8225375659262e-4,390
3387,2.1630200281042e-4,1785
3388,2.6943990261134e-4,1086
3389,3.244784466537355e-5,4629
3390,1.2871972261494e-4,3277
3391,2.1432322003023e-4,1906
3392,1.5474023516706e-4,2857
3393,1.6248730418537e-4,2722
3394,2.1475535329532e-4,1900
3395,2.1860394396121e-4,1760
3396,3.244784466537355e-5,4629
3397,4.305589578976691e-5,4554
3398,3.9439990232127e-4,351
3399,1.2063675380173e-4,3406
3400,2.1630200281042e-4,1785
3401,2.6733296799971e-4,1102
3402,1.8503548303938e-4,2365
3403,1.0156408804556e-4,3724
3404,2.3001964611003e-4,1590
3405,1.5734558344069e-4,2816
3406,2.8978427282376e-4,892
3409,2.4725872656299e-4,1340
3410,3.1164432997307e-4,739
3411,2.1630200281042e-4,1785
3412,2.0636911464729e-4,2028
3413,2.2177691034301e-4,1705
3416,1.6611271373395e-4,2670
3417,2.3869781745581e-4,1469
3419,3.244784466537355e-5,4629
3420,3.3093014507142e-4,605
3421,2.1444815762914e-4,1903
3422,1.2227298044802e-4,3382
3424,7.240566901607227e-5,4208
3425,2.0358384308255e-4,2061
3426,6.0028777588796285e-5,4376
3427,2.5179451329878e-4,1278
3428,2.7605956495022e-4,1024
3429,4.6029766042164e-4,197
3430,1.7864699310063e-4,2462
3431,1.5998796204687e-4,2765
3432,6.182795382236858e-5,4359
3433,3.6223886373401e-4,467
3434,7.087619689457729e-5,4226
3435,3.360511916169469e-5,4627
3436,7.531242773335206e-5,4150
3437,3.1221376108782e-4,734
3439,3.244784466537355e-5,4629
3440,7.458077782047481e-5,4166
3441,2.1858622442642e-4,1761
3443,2.2014610127252e-4,1732
3444,2.5701077620998e-4,1210
3445,3.1137010902249e-4,741
3446,9.549419440078752e-5,3832
3447,3.244784466537355e-5,4629
3448,1.6080750833827e-4,2757
3449,2.2962486245949e-4,1594
3451,1.4743260015906e-4,2971
3452,1.6809929354098e-4,2642
3453,4.791321362800648e-5,4516
3454,8.458025444797385e-5,4023
3456,2.3349949559902e-4,1538
3457,1.5366637171844e-4,2873
3458,1.3987918290902e-4,3105
3459,1.7238648831138e-4,2567
3460,1.0413010593336e-4,3681
3461,3.5100552898765e-4,502
3462,2.1492061888549e-4,1899
3463,5.319525317067569e-5,4462
3464,1.055208975592e-4,3660
3465,2.4920135800333e-4,1315
3466,2.4786412569941e-4,1334
3467,3.1548241045516e-4,712
3468,4.6243988861327e-4,188
3469,8.1029642479732e-4,13
3470,7.317246920243272e-5,4194
3471,5.198433881946465e-5,4475
3472,4.285580642941867e-5,4559
3473,1.0701466606218e-4,3632
3474,1.9288936075065e-4,2236
3475,2.0170154198308e-4,2096
3476,2.4845553782734e-4,1328
3477,2.7952087696404e-4,984
3478,6.0028777588796285e-5,4376
3479,4.942072646440293e-5,4503
3481,2.7538131117568e-4,1030
3482,7.445592639783116e-5,4171
3483,1.519949327766e-4,2910
3486,2.1630200281042e-4,1785
3487,1.5577235673092e-4,2839
3489,2.1630200281042e-4,1785
3490,3.3020942346676e-4,610
3491,1.6905637036905e-4,2625
3492,2.1630200281042e-4,1785
3493,1.7019932794068e-4,2602
3494,2.1630200281042e-4,1785
3495,2.1630200281042e-4,1785
3496,4.2201873639902e-4,256
3498,2.4845553782734e-4,1328
3499,2.1630200281042e-4,1785
3502,2.5827653574393e-4,1196
3503,1.8678510457321e-4,2329
3505,2.1630200281042e-4,1785
3507,5.643727127436967e-5,4416
3508,5.643727127436967e-5,4416
3509,2.769363483896e-4,1010
3511,2.7072492681833e-4,1072
3512,1.8641111401592e-4,2338
3513,3.9913216094073e-4,333
3514,2.1630200281042e-4,1785
3516,2.1630200281042e-4,1785
3517,1.4142490712788e-4,3082
3518,1.5216796186971e-4,2906
3519,2.1630200281042e-4,1785
3520,2.1630200281042e-4,1785
3521,7.45302660859808e-5,4168
3522,2.1630200281042e-4,1785
3523,2.6678604306132e-4,1109
3525,4.0015616095548e-4,326
3527,4.2225745480578e-4,255
3528,4.5076998456045e-4,214
3529,5.927128742243132e-5,4385
3530,3.244784466537355e-5,4629
3531,2.7430786355959e-4,1042
3532,2.4207851867002e-4,1427
3533,2.1630200281042e-4,1785
3534,1.8043198110035e-4,2439
3535,3.2694014069007e-4,627
3536,2.1961252178438e-4,1738
3538,2.3112460665333e-4,1569
3539,1.5817102623716e-4,2799
3540,2.1630200281042e-4,1785
3541,2.1630200281042e-4,1785
3542,2.0021233034535e-4,2122
3543,1.8330181314499e-4,2399
3545,1.8373199881703e-4,2386
3546,2.0012654757833e-4,2124
3547,2.9875653739168e-4,827
3548,1.6669043261398e-4,2659
3549,3.4453090165001e-4,527
3550,2.4407082657115e-4,1399
3551,1.8570373653349e-4,2351
3552,7.007347021999619e-5,4239
3553,2.54313852516e-4,1243
3554,1.338788233489e-4,3201
3555,1.9105926152636e-4,2263
3556,2.9943386969692e-4,821
3557,1.3381913479802e-4,3202
3558,1.758616181827e-4,2505
3559,1.1960836457151e-4,3426
3560,2.1902329708224e-4,1751
3561,3.0561678836614e-4,779
3562,2.9314649754206e-4,865
3563,3.244784466537355e-5,4629
3564,5.963341824031664e-5,4380
3565,7.894531837396377e-5,4097
3566,1.8117597952104e-4,2429
3567,4.261598889887841e-5,4562
3568,2.4120486025569e-4,1443
3569,2.2677550024491e-4,1630
3570,2.1630200281042e-4,1785
3571,1.6862662465396e-4,2634
3572,2.5289412615928e-4,1264
3573,2.1890296447639e-4,1753
3574,1.7736559639452e-4,2478
3575,2.511753429097e-4,1287
3576,1.6257345423903e-4,2719
3577,9.652573031174116e-5,3816
3578,2.2738537496728e-4,1621
3579,2.3323468534978e-4,1543
3580,2.2296734732597e-4,1687
3581,2.4254113678387e-4,1423
3582,4.3983594655603325e-5,4544
3583,1.1037017444002e-4,3575
3584,7.267001898752509e-5,4204
3585,3.8160433622788e-4,392
3586,1.2613738759169e-4,3316
3587,1.5822163694639e-4,2798
3588,3.1732601692098e-4,695
3589,3.8469079199284e-4,385
3590,5.5385521934174136e-5,4429
3591,2.1959307946076e-4,1739
3592,1.3397616400243e-4,3199
3593,4.735965461638e-4,173
3594,6.6683242912475e-4,40
3595,1.0033642442938e-4,3757
3596,1.9473358490497e-4,2211
3597,2.0123135537359e-4,2106
3598,5.8046970396524e-4,76
3599,1.2499482167812e-4,3335
3600,1.1692453977802e-4,3467
3601,1.8528149945453e-4,2356
3602,1.5440616667574e-4,2863
3603,6.981222039822596e-5,4244
3604,1.7954231434265e-4,2450
3605,1.0379708173975e-4,3687
3606,1.5651118358808e-4,2827
3607,1.3071658654146e-4,3247
3608,7.997463421409849e-5,4085
3609,4.996583037237729e-5,4493
3610,7.76752744058342e-5,4115
3627,2.6981785827331e-4,1082
3628,7.774291231283666e-5,4112
3629,1.8251931392298e-4,2407
3630,4.3128866038545e-4,241
3631,9.051467404358708e-5,3908
3632,1.7254239482522e-4,2564
3633,2.2471708354959e-4,1660
3634,1.3272101553114e-4,3218
3635,5.4934896611913e-4,94
3636,9.68482556405334e-5,3806
3637,9.560761845554757e-5,3830
3638,2.257059786441e-4,1647
3639,1.4502508671999e-4,3012
3640,5.335609438428572e-5,4459
3641,3.2179307459256e-4,663
3642,1.6698569229642e-4,2657
3643,8.130975576228506e-5,4062
3644,8.029089734975351e-5,4077
3645,2.1640543596197e-4,1784
3646,3.6914673132103e-4,435
3647,1.5583264494883e-4,2838
3648,3.973739206643001e-5,4581
3649,2.0236152009732e-4,2085
3650,3.0998304464795e-4,754
3652,1.8653672537512e-4,2332
3653,1.6916960525116e-4,2624
3654,8.102157185711347e-5,4066
3655,5.2207127530762585e-5,4473
3656,1.6708571229064e-4,2656
3657,2.2747622799815e-4,1620
3658,9.503557538499044e-5,3841
3659,7.724547495004768e-5,4121
3660,3.1618004012211e-4,706
3661,4.9473177435729e-4,146
3662,9.237537070727612e-5,3877
3663,3.8505775626269e-4,381
3664,4.8726018043176e-4,156
3665,7.669860812727722e-5,4131
3666,9.848106592432986e-5,3779
3667,3.2939204714364e-4,613
3668,3.759256569987e-4,411
3669,1.1310016229564e-4,3530
3670,3.4245874470122e-4,545
3671,2.1553429257036e-4,1888
3677,8.806379075980762e-5,3950
3678,8.644351172126409e-5,3986
3679,1.730806044469e-4,2555
3680,4.0159926668697e-4,320
3681,3.799361608953259e-5,4593
3682,3.2537079654049e-4,637
3683,9.172213334166604e-5,3889
3684,5.5724769174094e-4,87
3685,1.956213835213e-4,2194
3686,1.4619236688036e-4,2994
3687,1.6218392717073e-4,2730
3688,1.2948223434991e-4,3261
3689,9.157683785116352e-5,3894
3690,5.7333353077894e-4,79
3691,1.4646635816458e-4,2989
3692,7.591084002108893e-5,4141
3693,4.5745290253887816e-5,4534
3694,8.9996152075313e-4,7
3695,1.8343755832511e-4,2393
3696,4.061426506638047e-5,4574
3697,1.1660859096501e-4,3477
3698,1.4166329404309e-4,3075
3699,2.4962346096489e-4,1308
3700,8.305208217684326e-5,4042
3701,1.6476402933227e-4,2684
3702,1.0894687602201e-4,3601
3703,1.5461740687842e-4,2858
3704,2.9232341958554e-4,876
3705,1.252273061451e-4,3329
3706,1.235982936731e-4,3356
3707,1.1621556643102e-4,3483
3708,1.3461627971401e-4,3192
3709,1.4710537532139e-4,2974
3710,9.82354285819852e-5,3785
3711,1.4954782794533e-4,2943
3712,2.0322655636956e-4,2071
3713,2.5237018731234e-4,1275
3714,1.0346724395214e-4,3699
3715,6.1417528112641e-4,60
3716,2.2117179088485e-4,1712
3717,2.5599860361599e-4,1223
3718,7.111926516441481e-5,4224
3719,2.2441310044125e-4,1664
3720,5.0719681618282e-4,132
3721,1.4751439162773e-4,2966
3722,1.0445559620715e-4,3678
3723,1.0811420223629e-4,3613
3724,8.021611412710938e-5,4079
3725,2.1127486147823e-4,1957
3726,1.33047767716e-4,3212
3727,2.3885078308613e-4,1467
3728,6.115887185582399e-5,4367
3729,1.7561641892278e-4,2509
3730,1.2777674966123e-4,3290
3731,1.7005445214444e-4,2605
3732,5.9444806714233e-4,65
3733,1.5187092183922e-4,2914
3734,1.5852727982711e-4,2793
3735,2.0677835861075e-4,2020
3736,1.3331117287205e-4,3207
3737,1.7215986520402e-4,2569
3738,2.3519367940437e-4,1511
3739,2.7496628448994e-4,1036
3740,9.631701129799115e-5,3821
3741,2.7932582829884e-4,987
3742,2.0017303486734e-4,2123
3743,1.5584059397528e-4,2837
3744,3.437591118859e-4,538
3745,1.5498608004861e-4,2854
3746,2.2208779286343e-4,1700
3747,1.9130188234589e-4,2259
3748,3.4489662110281e-4,525
3749,1.2759333763664e-4,3294
3750,2.0777114477912e-4,2004
3751,2.2046031484922e-4,1724
3752,2.9242915258407e-4,874
3753,2.3473166796466e-4,1519
3754,2.5478814653478e-4,1236
3755,4.1119135703279e-4,292
3756,5.878576659010042e-5,4391
3757,1.2539207296867e-4,3328
3758,2.3548363481065e-4,1505
3759,2.3746755245898e-4,1483
3760,2.0689056265908e-4,2018
3761,6.11173159348182e-5,4368
3762,3.6537358956095e-4,453
3763,2.5169499588894e-4,1279
3764,9.900775908916934e-5,3772
3765,1.7096750093191e-4,2591
3766,2.4881332091425e-4,1324
3767,5.8118643202305e-4,74
3768,1.3179272646614e-4,3231
3769,1.2159308726598e-4,3393
3770,1.5364039907586e-4,2874
3771,1.7162924646126e-4,2576
3772,1.6026752280252e-4,2762
3773,3.5848713611032e-4,477
3774,1.1757671422839e-4,3455
3800,1.2645470801593e-4,3311
3801,1.6868144233002e-4,2632
3802,3.3950764174259e-4,565
3803,1.835468036309e-4,2390
3805,4.0720521446869e-4,304
3806,2.4067021835923e-4,1448
3807,3.9210317770052e-4,362
3808,2.7351944671269e-4,1052
3809,1.4968710701392e-4,2939
3810,1.3119185849926e-4,3242
3811,1.8526208055675e-4,2358
3812,3.4680890599963e-4,517
3813,2.240219952193e-4,1670
3814,1.1873410680088e-4,3439
3815,2.8879729783615e-4,897
3816,1.0758256865684e-4,3623
3817,2.3298871144979e-4,1546
3818,1.4024985887741e-4,3098
3819,9.167496576915798e-5,3890
3820,1.7497573033623e-4,2514
3821,1.1105550221248e-4,3565
3822,1.5116325632676e-4,2923
3823,1.5387136459891e-4,2871
3824,3.3864312129159e-4,571
3825,2.0810717126008e-4,2000
3826,1.1553906892045e-4,3489
3827,5.5351563086828e-4,89
3828,1.6500616801666e-4,2681
3829,4.4395456876054e-4,221
3830,2.5096838059517e-4,1292
3831,1.616858894152e-4,2744
3832,9.175094532357954e-5,3887
3833,2.1466426565212e-4,1902
3834,1.6969943441321e-4,2612
3835,1.3647617807228e-4,3159
3836,6.691179179213144e-5,4279
3837,1.8178294161112e-4,2416
3838,2.1839899797767e-4,1764
3839,1.3989946217012e-4,3104
3840,2.1630200281042e-4,1785
3841,5.414752795042572e-5,4444
3842,3.2374529880722e-4,647
3843,7.933141105059816e-5,4091
3844,1.7122556151394e-4,2584
3845,2.6015372594406e-4,1173
3846,1.444001455018e-4,3024
3847,2.1630200281042e-4,1785
3848,4.8381066601196e-4,161
3849,1.8426604057447e-4,2379
3850,3.1722103366539e-4,698
3851,4.3991075208063e-4,224
3852,1.3391555101892e-4,3200
3853,1.2494554402945e-4,3336
3854,1.4749553360221e-4,2968
3855,2.1630200281042e-4,1785
3856,8.73431393217793e-5,3964
3857,1.2675371158693e-4,3309
3858,6.292986940288167e-5,4343
3859,1.4633526320451e-4,2991
3860,1.4990585350777e-4,2938
3861,1.7428663546887e-4,2525
3862,3.076246470169e-4,768
3863,1.093324793404e-4,3591
3864,1.8332335522544e-4,2398
3865,2.4461977293182e-4,1385
3866,2.1759083241913e-4,1775
3867,1.0261058380951e-4,3713
3868,3.0619379526224e-4,776
3869,2.5923641039754e-4,1181
3870,3.9467344415876e-4,349
3871,1.8141704687822e-4,2422
3872,1.0088854739988e-4,3737
3873,2.7502192814725e-4,1035
3874,3.9988640313379e-4,329
3875,2.1187994428784e-4,1951
3876,2.3157552521512e-4,1560
3877,3.2170927877775e-4,664
3878,1.7935201943149e-4,2452
3879,1.3829101120753e-4,3128
3880,2.7397453665482e-4,1046
3881,1.6769457808704e-4,2644
3882,3.2069581961159e-4,674
3883,2.4570165136893e-4,1366
3884,2.2914656592305e-4,1599
3885,9.194162655305566e-5,3884
3886,2.8380193696916e-4,946
3887,2.6670038911418e-4,1110
3888,3.3194832495361e-4,596
3889,2.7990028446154e-4,978
3890,1.6637714847324e-4,2666
3891,1.5596516788745e-4,2836
3892,2.1660506627324e-4,1781
3893,1.2025311358271e-4,3414
3894,1.90814966593e-4,2270
3895,1.5751057552256e-4,2811
3896,2.4059201082004e-4,1449
3897,1.0750789488928e-4,3624
3898,2.5905297234351e-4,1182
3899,3.7934804392504e-4,397
3900,7.516814515246098e-5,4152
3901,1.6050618784114e-4,2759
3902,2.7653707402023e-4,1016
3903,1.5726426993356e-4,2817
3904,1.6429842375452e-4,2691
3905,2.9205457891081e-4,880
3906,1.1123230332162e-4,3560
3907,2.0973639761119e-4,1980
3908,2.6584796652064e-4,1117
3909,1.6326173669367e-4,2712
3910,1.2746051884724e-4,3298
3911,2.853853454782e-4,924
3912,1.1069661623274e-4,3571
3913,3.251722789638e-4,639
3914,2.1338566913496e-4,1924
3915,2.5631992475452e-4,1218
3916,7.169809506493924e-5,4218
3917,3.8767461419462e-4,374
3918,4.6057301387483e-4,195
3919,5.8536421838319216e-5,4393
3920,7.478399061792412e-5,4159
3921,3.939040258939955e-5,4583
3922,2.3396386545349e-4,1528
3923,2.4627558056194e-4,1353
3924,2.3416928234926e-4,1527
3925,2.3898744385624e-4,1465
3926,1.9165659703459e-4,2254
3927,2.4597242976855e-4,1362
3928,3.9782662828065e-4,338
3929,1.6542368962615e-4,2675
3930,1.9075346352465e-4,2271
3931,4.1025463889758e-4,294
3932,9.143839934320736e-5,3897
3933,2.0618268695304e-4,2032
3934,1.0357396811251e-4,3692
3935,1.9519592633365e-4,2203
3936,2.4619327295287e-4,1355
3937,2.5454201475367e-4,1239
3938,5.266022329841507e-5,4469
3939,2.6901799887479e-4,1089
3940,8.992395350692133e-5,3918
3941,1.5968662782569e-4,2771
3942,2.6274770614289e-4,1156
3943,2.533003672277e-4,1258
3944,3.3099038507153e-4,604
3945,4.882014557146817e-5,4509
3946,2.334420826691e-4,1540
3947,3.965755221608e-4,344
3948,1.5323106039759e-4,2883
3949,9.37589614846684e-5,3864
3950,1.0720177711439e-4,3628
3951,2.2692699407466e-4,1628
3952,4.9725766889743e-4,143
3953,9.038392599908568e-5,3912
3954,1.5183413868529e-4,2915
3955,1.7407408292087e-4,2532
3956,1.9332456049693e-4,2230
3957,4.0326302510264e-4,315
3958,2.315061584182e-4,1561
3959,2.9309868329476e-4,867
3960,2.5317481649588e-4,1260
3961,5.5332129388154e-4,90
3962,2.2090077843524e-4,1717
3963,9.684252106360488e-5,3807
3964,5.261941893627e-4,116
3965,3.1103846266741e-4,745
3966,2.5140248293722e-4,1282
3967,1.0613948325371e-4,3650
3968,9.506894456578254e-5,3839
3969,1.0466246675323e-4,3670
3970,1.0319980440142e-4,3705
3971,8.513613243343659e-5,4014
3972,7.875644133079049e-5,4102
3973,1.077339977229e-4,3621
3974,4.88551552161e-4,154
3975,1.7733152996929e-4,2479
3976,9.527793149365898e-5,3835
3977,4.6682991517921e-4,181
3978,6.626813671877574e-5,4287
3979,2.0506970083538e-4,2047
3980,1.0032993704886e-4,3758
3981,1.1427140072688e-4,3512
3982,1.1441498485616e-4,3508
3983,1.4190163419465e-4,3072
3984,1.1273007419458e-4,3537
3985,1.4050043574066e-4,3095
3986,2.0374802019255e-4,2058
3987,2.7210458911972e-4,1063
3988,1.8967682214475e-4,2282
3989,4.89454964265962e-5,4506
3990,2.9316457228487e-4,863
3991,1.9739241706214e-4,2164
3992,1.6515465773403e-4,2679
3993,7.672294861494261e-5,4130
3994,1.1675818891389e-4,3472
3995,6.458625907037585e-5,4317
3996,3.552696811107482e-5,4611
3997,3.2905413150684e-4,615
3998,2.3283905238055e-4,1549
3999,1.1440076445711e-4,3509
4000,2.693519724186e-4,1087
4001,1.5060093423687e-4,2930
4002,2.2145702688169e-4,1708
4003,2.80742137711e-4,966
4004,2.7624470188651e-4,1021
4005,1.7920491129734e-4,2456
4006,1.3994454715096e-4,3103
4007,2.2208297028049e-4,1701
4008,1.1814450139282e-4,3446
4009,1.4562579956966e-4,3004
4010,1.2404648874825e-4,3350
4011,2.0740549889188e-4,2011
4012,6.301203034975378e-5,4341
4013,5.986719067657234e-5,4378
4014,8.759126161556302e-5,3959
4015,1.8308920960593e-4,2401
4016,5.3929358368230875e-5,4448
4017,7.788507346029612e-5,4111
4018,1.2936296795062e-4,3265
4019,7.6992399399721e-4,16
4020,6.458364746187868e-5,4318
4021,1.0383442256867e-4,3685
4022,2.7710123189247e-4,1006
4023,6.760178124666868e-5,4267
4024,8.840925012262315e-5,3944
4025,2.6742334992967e-4,1101
4026,1.366666419524e-4,3154
4027,5.7961892118186e-4,77
4028,6.7759739186436e-4,33
4029,5.1632790502618e-4,124
4030,4.755174679925192e-5,4519
4031,3.8980682257514e-4,371
4032,2.3062472135733e-4,1577
4033,1.2365515165687e-4,3354
4034,1.3924493607282e-4,3114
4035,1.8415569591793e-4,2381
4036,1.4139549825144e-4,3086
4037,2.7467712866824e-4,1039
4038,1.598237457571e-4,2768
4039,9.696869879625689e-5,3801
4040,6.2747353708521e-4,52
4041,1.8705738310353e-4,2322
4042,2.7394603697917e-4,1048
4043,1.2845313629104e-4,3283
4044,1.5450132761913e-4,2861
4045,2.6487657449797e-4,1125
4046,2.0043111500284e-4,2118
4047,3.7933280299391e-4,398
4048,2.1573839996899e-4,1883
4049,6.745331588789423e-5,4270
4050,2.8795145805626e-4,905
4051,2.017496134361e-4,2094
4052,6.0528360411829e-4,63
4053,4.1885748446475e-4,262
4054,3.244784466537355e-5,4629
4055,2.637089220265e-4,1139
4056,2.3129540621735e-4,1564
4057,1.1326722900691e-4,3527
4058,2.5807138455405e-4,1199
4059,2.5497100380842e-4,1233
4060,1.9375483134906e-4,2221
4061,2.0165454362648e-4,2097
4062,1.8938843527123e-4,2289
4063,5.3231536526035e-4,110
4064,1.094907969628e-4,3589
4065,2.8349088906e-4,949
4066,4.5580247697093e-4,205
4067,2.9066788223452e-4,886
4068,6.317481460951216e-5,4338
4069,2.0664392575078e-4,2022
4070,1.4704614648205e-4,2977
4071,1.7725175168056e-4,2482
4072,4.7816271671384286e-5,4517
4073,7.882297236022222e-5,4099
4074,1.5640623005376e-4,2828
4075,1.7722712969e-4,2484
4076,1.1496346651776e-4,3496
4077,1.1533967220727e-4,3491
4078,2.8555316921132e-4,921
4079,3.8744883823873e-4,375
4080,6.46814437055847e-5,4314
4081,2.5735202897898e-4,1207
4082,2.151107720654e-4,1895
4083,8.36811225365719e-5,4032
4084,3.244784466537355e-5,4629
4085,2.4812835430221e-4,1331
4086,1.3529180815442e-4,3180
4087,3.739778694438e-4,415
4088,2.4007708716809e-4,1456
4089,1.6885794335041e-4,2628
4090,6.756711493112087e-5,4268
4091,2.0887759169675e-4,1991
4092,2.1086114334325e-4,1965
4093,1.7588238117049e-4,2503
4094,2.7844280638456e-4,994
4095,1.8326710706385e-4,2400
4096,1.0029127656652e-4,3760
4097,9.433211664796236e-5,3850
4098,2.3749435701768e-4,1482
4099,2.7534667641604e-4,1031
4100,1.3647929123447e-4,3158
4101,1.6990401236006e-4,2609
4102,2.1387589757933e-4,1914
4103,1.0443518003064e-4,3679
4104,2.6340291130063e-4,1145
4105,9.950052487240816e-5,3767
4106,2.330092500386e-4,1545
4107,2.228486654445e-4,1688
4108,3.3422229952421e-4,587
4109,9.85785352692265e-5,3777
4110,2.441759986012e-4,1397
4111,1.9188176218643e-4,2251
4112,1.2851864172948e-4,3281
4113,8.759291013301095e-5,3958
4114,1.9655022090726e-4,2180
4115,9.741747234620207e-5,3793
4116,1.413268611334e-4,3089
4117,1.8591554612331e-4,2347
4118,0.00012008974725776999,3418
4119,2.5980979404657e-4,1177
4120,1.7295254050132e-4,2557
4121,2.7642087811928e-4,1019
4122,2.9062564419044e-4,888
4123,2.2945652305984e-4,1596
4124,1.5066759479556e-4,2929
4125,1.2233215961073e-4,3381
4126,2.548187107078e-4,1235
4127,9.763481049602768e-5,3790
4128,2.782772557986e-4,996
4129,2.7078334553779e-4,1071
4130,1.6101670656914e-4,2751
4131,1.296553811017e-4,3258
4132,2.4378627526162e-4,1406
4133,1.7570229046812e-4,2507
4134,5.920945113505577e-5,4386
4135,3.5345866041793e-4,489
4136,4.3793677008018e-4,227
4137,8.890770614799032e-5,3933
4138,1.2308539670417e-4,3368
4139,3.1957253245683e-4,682
4140,4.1420055317642e-4,272
4141,1.6860194297256e-4,2635
4142,2.2681371005562e-4,1629
4143,7.272865378833777e-5,4202
4144,2.1069005871934e-4,1969
4145,3.8613803600695e-4,379
4146,4.2488671380708e-4,252
4147,1.7133742819796e-4,2583
4148,1.3770695168151e-4,3139
4149,5.3351950646805e-4,107
4150,2.0351714006331e-4,2064
4151,1.1874280115162e-4,3438
4152,9.686058836412804e-5,3805
4153,1.8478406013383e-4,2368
4154,2.3770963077373e-4,1480
4155,1.6418614833507e-4,2695
4156,3.6284380104243e-4,462
4157,2.8284241258378e-4,953
4158,7.447955398256048e-5,4170
4159,1.7522953148694e-4,2511
4160,1.2925644542611e-4,3269
4161,1.3109958411186e-4,3243
4162,3.3185302970863e-4,598
4163,1.8007647243755e-4,2445
4164,7.5234652047545e-5,4151
4165,2.8415154083665e-4,940
4166,3.6761169929347e-4,443
4167,1.8997527304923e-4,2279
4168,2.2199594430715e-4,1704
4169,4.9856069117926496e-5,4496
4170,1.7762982753971e-4,2474
4171,1.3942837706187e-4,3111
4172,2.1177182202556e-4,1952
4173,5.12973610261924e-5,4483
4174,1.0507368546724e-4,3666
4175,2.9751857650497e-4,840
4176,7.275566046142245e-5,4200
4177,1.1290519964075e-4,3535
4178,4.5379624192249e-4,211
4179,5.4766860763561824e-5,4435
4180,2.3430638499545e-4,1524
4181,2.1432627907864e-4,1905
4182,1.4433031968793e-4,3025
4193,1.8000919148333e-4,2446
4194,1.718114757385e-4,2573
4195,1.3407040968635e-4,3197
4196,2.2429715839225e-4,1666
4197,1.3846551272434e-4,3124
4198,2.1220051606026e-4,1941
4199,2.9426290900045e-4,860
4200,1.5474934078764e-4,2856
4201,9.089077982404372e-5,3905
4202,1.4327183282016e-4,3044
4203,1.5907809338331e-4,2782
4204,2.1990359710297e-4,1733
4205,2.8031798493212e-4,971
4206,2.6001076276713e-4,1174
4207,2.457907733127e-4,1365
4208,1.0378022136126e-4,3688
4209,7.892853465861651e-5,4098
4210,1.58244802413e-4,2797
4211,4.0057271024829e-4,322
4212,2.5407218175243e-4,1245
4213,2.0944222322027e-4,1982
4214,2.2156306562646e-4,1707
4215,2.5688203570856e-4,1212
4216,1.4743457406453e-4,2970
4217,2.7569283160582e-4,1027
4218,2.0110556255341e-4,2107
4219,3.0126546798746e-4,808
4220,2.2255924325259e-4,1694
4221,2.1501384028685e-4,1896
4222,1.1252339960226e-4,3540
4223,2.037669128162e-4,2057
4224,1.5725664592467e-4,2818
4225,2.8941048840544e-4,894
4226,2.4375276704746e-4,1408
4227,1.8333411910023e-4,2397
4228,2.6129595278823e-4,1165
4229,1.4137796609008e-4,3087
4230,1.2925872442139e-4,3268
4231,1.6195850597943e-4,2735
4232,2.5380357907295e-4,1249
4233,3.2153838964495e-4,666
4234,3.5737451278452e-4,478
4235,2.3636430412154e-4,1496
4236,1.1180893867431e-4,3550
4237,2.2346875115081e-4,1682
4238,8.487339631157127e-5,4017
4239,2.8061999589076e-4,967
4240,3.2293105570487e-4,656
4241,3.9006787942292e-4,369
4242,4.3717888945253e-4,230
4243,3.0162335386481e-4,801
4244,9.74057190438132e-5,3794
4245,1.2764857476803e-4,3293
4246,1.3251079060373e-4,3222
4247,2.6295423580463e-4,1153
4248,4.2112014810721e-4,258
4249,1.7594897330586e-4,2501
4250,8.863833790020933e-5,3938
4251,9.426819338571198e-5,3853
4252,1.919796509582e-4,2250
4253,8.996710711859848e-5,3917
4254,2.8438399109096e-4,937
4255,3.2353359017398e-4,648
4256,1.1350471247277e-4,3523
4257,1.979856331954e-4,2150
4272,2.5118666792345e-4,1286
4273,8.164120293902351e-5,4056
4274,8.681311771497906e-5,3976
4275,1.577647548218e-4,2804
4276,2.13130809998e-4,1927
4277,2.4623102572508e-4,1354
4278,9.602545945110432e-5,3824
4279,2.0642732739891e-4,2027
4280,1.4649501413196e-4,2988
4281,1.0689266086849e-4,3635
4282,2.2522122753717e-4,1651
4283,1.1663313897148e-4,3476
4284,2.7958577970248e-4,983
4285,3.6199519590092e-4,468
4286,2.4911571046552e-4,1319
4287,6.664175240761591e-5,4281
4288,1.9927640800458e-4,2136
4289,7.930061938112913e-5,4092
4290,4.3122205170489e-4,242
4291,8.357134529723695e-5,4034
4292,3.2191261851454e-4,662
4293,1.0356341805039e-4,3693
4317,1.8132156040681e-4,2426
4318,5.4098399431582e-4,101
4319,8.051174229129557e-5,4071
4320,6.787104914867748e-5,4261
4321,3.4383017113786e-4,537
4322,2.4930399640497e-4,1312
4323,8.615191703468988e-5,3993
4324,1.0300724762125e-4,3708
4325,2.9775961893581e-4,837
4326,3.1726547568309e-4,696
4327,1.1462469434113e-4,3503
4328,1.7063647826993e-4,2595
4329,6.731798815696765e-5,4275
4330,4.1729852490635e-4,266
4331,9.589756439673892e-5,3826
4332,9.980436086527388e-5,3765
4333,2.037831326763e-4,2056
4334,1.6362413275627e-4,2706
4335,6.3889980001553e-4,48
4336,1.0463383746102e-4,3673
4337,1.5553430941e-4,2842
4338,3.6224770830256e-4,466
4339,2.5328266962228e-4,1259
4340,1.7821477493604e-4,2469
4341,2.0727922038504e-4,2014
4343,2.3079902305761e-4,1573
4345,1.1216675046388e-4,3548
4346,1.9366496730168e-4,2223
4347,4.9705412517344705e-5,4499
4348,4.1948571104266e-4,261
4349,2.3498998765105e-4,1515
4350,2.2378154293838e-4,1672
4351,6.39190042365485e-5,4331
4352,1.5859334732127e-4,2790
4353,1.1612521488888e-4,3484
4354,2.2256097202331e-4,1693
4355,1.5096193958323e-4,2925
4356,1.6840935127095e-4,2638
4357,2.0394569684433e-4,2054
4358,2.1088680788581e-4,1963
4359,6.307755701297443e-5,4340
4360,6.660662671677522e-5,4282
4361,1.4349848073878e-4,3038
4362,2.0658889465104e-4,2023
4363,1.0323823359566e-4,3703
4364,9.919347387851072e-5,3771
4365,3.433569880985e-4,541
4366,7.644599827827053e-5,4134
4367,6.9551216476128e-4,26
4368,5.1701728078935e-4,122
4369,3.2315798296226e-4,654
4370,9.50136033365022e-5,3842
4371,5.0720245587064e-4,131
4372,5.366663904894656e-5,4456
4373,6.2414422827786e-4,54
4374,3.2029070655072e-4,677
4375,9.752706606246376e-5,3791
4376,3.5812988234942726e-5,4606
4377,1.5260263995439e-4,2897
4378,1.145156369119e-4,3505
4380,3.304751850811e-4,608
4381,1.0213945944288e-4,3717
4382,3.0720437288858e-4,771
4383,1.1549791315725e-4,3490
4384,3.823288015402335e-5,4592
4385,3.1616219486138e-4,707
4386,1.9506017166522e-4,2209
4387,1.0886935757551e-4,3603
4388,8.902225908073079e-5,3932
4389,8.989262965510591e-5,3919
4390,1.622674333694e-4,2729
4391,1.7430918432019e-4,2524
4392,2.4178602684766e-4,1432
4393,6.545075035972479e-5,4300
4394,4.6106249849593e-4,191
4395,1.911568503809e-4,2260
4396,2.0410588510847e-4,2049
4397,3.3801430670163e-4,574
4398,2.4040212570386e-4,1451
4399,4.2893947573435e-4,246
4400,5.2061847182870434e-5,4474
4401,1.0626771021089e-4,3648
4402,2.5183660770932e-4,1277
4403,2.5389909216015e-4,1247
4404,1.8704206204444e-4,2323
4405,1.6856399219797e-4,2636
4406,2.6541279418669e-4,1121
4407,3.8724157404453e-4,376
4408,1.0346369431093e-4,3700
4409,1.8645090658332e-4,2335
4410,2.2428482346975e-4,1667
4411,1.4158371992357e-4,3077
4412,1.4249824614187e-4,3061
4413,4.1197679040242e-4,288
4414,6.982768497449884e-5,4243
4415,2.2369696944274e-4,1675
4416,4.73263817807e-4,174
4417,1.8598116646129e-4,2345
4418,3.1067181703877e-4,746
4419,1.4315307030877e-4,3047
4420,1.7916001649218e-4,2458
4421,1.2884730210711e-4,3276
4422,2.1630200281042e-4,1785
4423,1.1522796367067e-4,3493
4424,3.888504995958677e-5,4587
4425,2.4563667478254e-4,1367
4426,2.1630200281042e-4,1785
4427,1.8333701837616e-4,2396
4428,1.9409424696486e-4,2217
4429,4.7430259007147e-4,171
4430,2.2487688455876e-4,1657
4431,2.5284410763402e-4,1267
4432,5.5048874454333073e-5,4433
4433,1.8055744659681e-4,2437
4434,3.3899109276264e-4,569
4443,2.968801265428e-4,844
4444,1.4685269110145e-4,2982
4445,7.952288177752592e-5,4089
4446,3.2607584220146e-4,633
4447,1.504820327379e-4,2932
4448,1.5353944267336e-4,2877
4449,1.6421831505216e-4,2694
4450,2.4607898884176e-4,1358
4451,4.597007229038e-4,199
4452,1.3672493310582e-4,3153
4453,2.4891718385349e-4,1322
4454,2.2960023631141e-4,1595
4455,2.8287731045397e-4,952
4456,3.2128961118028e-4,669
4457,4.6101778014415e-4,193
4458,3.5244087055715e-4,496
4459,4.777844926925464e-5,4518
4460,2.3521045703791e-4,1510
4461,1.1788139943472e-4,3451
4462,9.830648547915983e-5,3784
4463,2.8555263460218e-4,922
4464,2.1537357690276e-4,1889
4465,6.749710521210462e-5,4269
4466,1.3218101373055e-4,3225
4467,1.5419510225266e-4,2865
4468,8.553479347337363e-5,4007
4469,1.0990843157409e-4,3583
4479,1.971847842994e-4,2169
4480,1.5021849398286e-4,2934
4481,2.2652599981314e-4,1637
4482,1.5086269124319e-4,2927
4483,2.5882316357374e-4,1186
4484,1.969274402934e-4,2173
4485,1.6933846069795e-4,2617
4486,3.1518355342793e-4,718
4487,1.1162301622394e-4,3555
4488,1.1325524633887e-4,3528
4489,2.1788617400133e-4,1772
4490,1.5216749310343e-4,2907
4491,5.0776659042879666e-5,4488
4492,1.1255666545509e-4,3538
4493,5.4787030140283e-4,96
4494,1.3268930525834e-4,3219
4495,2.5632672973221e-4,1217
4496,3.3569005180068e-4,584
4497,6.398401212957363e-5,4330
4498,2.5396103195302e-4,1246
4499,1.2447649969819e-4,3344
4500,2.0292267163482e-4,2074
4501,1.4141569880365e-4,3084
4502,1.0796266601078e-4,3615
4503,1.4408662443174e-4,3028
4504,9.55985166882498e-5,3831
4505,4.0404789002269e-4,313
4506,3.015854650296e-4,803
4507,8.960076642948167e-5,3925
4508,1.9586305042976e-4,2190
4509,2.0410185617543e-4,2050
4510,1.0991587556827e-4,3582
4511,5.8617590422417e-4,70
4512,1.4665522989735e-4,2986
4513,4.0748928005656e-4,303
4514,2.7184864764634e-4,1066
4515,9.38273150445203e-5,3863
4516,1.0463787462233e-4,3672
4517,3.96390262658e-4,346
4518,2.7974874050018e-4,981
4519,2.1571414087725e-4,1885
4520,1.8053075461071e-4,2438
4521,2.725646752424e-4,1060
4522,2.4681044861859e-4,1344
4523,1.9101854103548e-4,2265
4524,1.7927272620007e-4,2454
4525,3.0937747458414e-4,760
4526,4.8941596065524e-4,152
4527,1.6178939384318e-4,2740
4528,3.18735058525e-4,684
4529,2.5114326946129e-4,1288
4530,7.08693834985428e-5,4227
4531,2.3013525681392e-4,1587
4532,1.5338513205871e-4,2879
4533,2.2318466834421e-4,1685
4534,1.3333233403921e-4,3206
4535,1.0780761011167e-4,3620
4536,2.8942507381206e-4,893
4537,3.4749281183482e-4,512
4538,2.0560679310842e-4,2039
4539,4.6166457824148e-4,190
4540,2.6063666384368e-4,1169
4541,2.6610982937072e-4,1116
4542,2.6953841468648e-4,1084
4543,1.3658457720127e-4,3157
4544,9.398180153750668e-5,3860
4545,8.843611024837589e-5,3942
4546,1.7592852939725e-4,2502
4548,1.6083902708227e-4,2755
4549,2.8008672937909e-4,976
4550,1.1030836708678e-4,3578
4551,2.4185470680876e-4,1430
4552,1.3012627208317e-4,3252
4553,1.2314749588585e-4,3366
4554,1.368590420068e-4,3149
4555,1.6659435445317e-4,2663
4556,2.8519114249819e-4,928
4557,1.0704077442612e-4,3631
4558,1.4121188514781e-4,3090
4559,1.7314154933339e-4,2553
4560,2.6425972500744e-4,1133
4561,1.0606523536837e-4,3652
4562,3.6713521961108e-4,445
4563,8.376594157289842e-5,4031
4564,1.5961425934242e-4,2774
4565,3.431101710436799e-5,4621
4566,1.9960582378062e-4,2131
4567,3.9648543191154e-4,345
4568,2.1382849585206e-4,1915
4569,1.2018832870618e-4,3415
4570,1.4360265362793e-4,3035
4571,2.1630200281042e-4,1785
4572,2.4987677129475e-4,1307
4573,2.3438536592994e-4,1523
4574,4.010702745606906e-5,4578
4575,5.9057918933534e-4,66
4576,3.88041226854e-4,373
4577,9.197213248579833e-5,3883
4578,1.693184429226e-4,2621
4579,1.9136194156771e-4,2258
4580,1.2045704005712e-4,3411
4581,2.0916763674075e-4,1988
4582,2.0174265200069e-4,2095
4583,6.760465073274709e-5,4266
4584,1.2352203314611e-4,3358
4585,5.0829156765299e-4,130
4586,1.4743802782181e-4,2969
4587,4.2005713510895e-4,259
4588,1.8262680752408e-4,2406
4589,1.0504165579038e-4,3668
4590,1.592054641089e-4,2780
4591,3.1167840019031e-4,737
4592,2.7275890360613e-4,1059
4593,2.5129038405998e-4,1284
4594,6.370205236195473e-5,4337
4595,1.7321996729745e-4,2552
4614,1.3316709608463e-4,3210
4615,1.4601019635324e-4,3000
4616,1.9799570432191e-4,2149
4617,1.6633012035896e-4,2667
4618,8.849410587571992e-5,3940
4619,6.371755979163536e-5,4336
4620,4.1598174800254e-4,269
4621,1.9258480650019e-4,2241
4622,8.669050997133244e-5,3979
4623,1.9680505614836e-4,2174
4624,4.516419315697306e-5,4538
4626,2.8445834983042e-4,936
4627,6.5701409711958e-4,43
4628,1.6169049005786e-4,2743
4629,3.6305614471943e-4,461
4630,9.767384461296004e-5,3789
4631,1.3159070837587e-4,3232
4632,9.651318297382132e-5,3817
4633,1.3713035037798e-4,3145
4634,3.4352434550953e-4,539
4635,1.4446897628705e-4,3023
4636,1.8341627685847e-4,2395
4637,3.5187553012227e-4,499
4638,6.2667462123952e-4,53
4639,2.543867020801e-4,1240
4640,1.1646580743363e-4,3480
4641,1.301905292642e-4,3251
4642,1.3447053784377e-4,3194
4643,1.625457549506e-4,2720
4644,3.411322377002e-4,554
4645,2.1519271349442e-4,1892
4646,1.58809920133e-4,2787
4647,3.5192993286069e-4,498
4648,8.021516349361774e-5,4080
4649,6.522440399980758e-5,4304
4650,9.109781982997666e-5,3901
4651,2.643427339254e-4,1131
4652,7.0771983779942e-5,4228
4653,2.0770462565555e-4,2006
4654,1.0365687544472e-4,3691
4655,8.828989875440229e-5,3948
4656,5.222663322649059e-5,4472
4657,5.821606656884905e-5,4399
4658,2.3332979299616e-4,1541
4659,4.891999646183058e-5,4507
4660,9.58823762003922e-5,3827
4661,1.1424911721418e-4,3513
4662,8.63166380563889e-5,3989
4663,1.2199044558585e-4,3386
4664,5.119083528099421e-5,4484
4665,3.076814893402e-4,767
4666,5.2803420886244e-4,114
4667,1.3797815215629e-4,3133
4668,3.5897962124671e-4,473
4669,2.8673225304845e-4,910
4670,8.7853209570515e-4,9
4671,8.83129618038521e-5,3947
4672,2.2370463332502e-4,1674
4673,1.8517155477082e-4,2361
4674,1.4357661264605e-4,3036
4675,3.151364102368e-4,719
4676,2.0938651147988e-4,1984
4677,1.8526788216929e-4,2357
4678,2.7693951073979e-4,1009
4679,5.958248515856293e-5,4381
4680,6.015928319252772e-5,4374
4681,9.4810465343255e-4,5
4682,6.931058566662537e-5,4246
4683,3.2306879949554e-4,655
4684,1.7509581752575e-4,2513
4685,1.2053417537035e-4,3409
4686,1.8941351767164e-4,2288
4687,6.2234551192019e-5,4352
4688,4.3790868219053e-4,228
4689,1.1938478133112e-4,3430
4690,4.34472570611e-4,234
4691,2.2711771268274e-4,1624
4692,2.5629090492408e-4,1220
4693,1.0072714651886e-4,3745
4694,1.6170433884894e-4,2742
4695,3.9021872564619e-4,368
4696,1.2470827718481e-4,3342
4697,2.4153415498592e-4,1437
4698,1.9643111398736e-4,2182
4699,1.9516088036546e-4,2205
4700,1.6932949468892e-4,2618
4701,1.3854880960668e-4,3122
4702,1.5354676619327e-4,2875
4703,1.620841377011e-4,2734
4704,7.473890136457773e-5,4162
4705,2.752404006451e-4,1032
4706,1.2511142671255e-4,3330
4707,1.7517877682965e-4,2512
4708,2.3546600106625e-4,1506
4709,3.327596671129e-4,591
4710,2.6912866150247e-4,1088
4711,1.5502201387786e-4,2853
4712,7.026273545697853e-5,4235
4713,3.5489966756658e-4,485
4714,1.6886427144581e-4,2627
4715,2.1849400168338e-4,1763
4716,2.0575019352507e-4,2035
4717,1.6470261460953e-4,2686
4718,4.0050657553914e-4,323
4719,1.4492581399015e-4,3015
4720,7.609051027963113e-5,4140
4721,2.9760946519916e-4,839
4722,3.6810230884044e-4,439
4723,8.273364121801005e-5,4044
4724,9.406386688575532e-5,3857
4725,3.2097739085041e-4,672
4726,7.949923281808072e-5,4090
4727,1.0997478965481e-4,3581
4728,4.630415322567e-4,185
4729,2.5516253946164e-4,1231
4730,2.1803109757303e-4,1769
4731,2.1928146632312e-4,1745
4732,8.193458418763626e-5,4054
4733,2.1931211015678e-4,1744
4734,2.6440911480425e-4,1129
4735,2.0275835859665e-4,2077
4736,2.7044412715363e-4,1074
4737,7.273902852892103e-5,4201
4738,2.9163436009293e-4,881
4739,1.6841766066284e-4,2637
4740,1.4209126294825e-4,3070
4741,2.8693680557503e-4,908
4742,5.508961301238567e-5,4432
4743,2.509521426007e-4,1293
4744,5.1108441032741e-4,127
4745,7.184150745803892e-5,4215
4746,4.096913592486e-4,297
4747,4.5823084482952e-4,202
4748,9.83141795980314e-5,3783
4749,8.632880088971408e-5,3988
4750,1.8448493803052e-4,2375
4751,1.6951322625896e-4,2615
4752,2.0995182245615e-4,1977
4753,1.1468945480884e-4,3501
4754,2.5598944670787e-4,1224
4755,3.5876807834826e-4,475
4756,6.583208834664328e-5,4292
4757,2.5009689284203e-4,1305
4758,1.4006470810168e-4,3100
4759,7.208194932654897e-5,4212
4760,1.4955332247097e-4,2942
4761,1.5636674424387e-4,2830
4762,1.7437322647109e-4,2523
4763,5.2619456145476e-4,115
4764,2.0245980178507e-4,2082
4765,2.7667134719716e-4,1014
4766,1.0998198568085e-4,3580
4767,4.804325522080434e-5,4515
4768,2.6326914943294e-4,1148
4769,2.1242045689977e-4,1937
4770,0.00019106792907804999,2262
4771,5.36941763897974e-5,4455
4772,1.9938483510435e-4,2134
4773,8.968091658204767e-5,3924
4774,3.8429702262712e-4,386
4775,4.4513817677024e-4,220
4776,3.8639309782058e-4,378
4777,3.6530331817416e-4,454
4778,7.835526095192884e-5,4104
4780,3.4164418176354e-4,552
4781,6.5510652499181e-4,44
4782,3.6985515770903e-4,432
4783,7.070147933032904e-5,4229
4784,2.8208225936792e-4,958
4785,4.400372713748277e-5,4543
4786,1.6339569479876e-4,2711
4787,2.0186687035348e-4,2091
4788,2.1381541102741e-4,1916
4789,1.9609626001183e-4,2188
4790,2.5608850111757e-4,1222
4791,5.0144144338923e-4,141
4792,1.1092086482419e-4,3569
4793,2.0280777566705e-4,2076
4794,1.7222577017221e-4,2568
4795,2.0059434998847e-4,2113
4796,1.6401475728984e-4,2699
4797,9.373885607910054e-5,3866
4798,2.4755629024802e-4,1338
4799,2.1630200281042e-4,1785
4800,2.4599285944382e-4,1361
4801,3.2654790485894e-4,628
4802,2.3915752966496e-4,1461
4803,1.1244820604395e-4,3542
4804,7.117883608682991e-5,4222
4805,9.580856774722228e-5,3828
4806,2.6200924326635e-4,1159
4807,8.740253190510152e-5,3963
4808,1.0126119088766e-4,3728
4809,2.1630200281042e-4,1785
4810,1.1715955600867e-4,3463
4811,2.638191152201e-4,1137
4812,1.3998166369058e-4,3102
4813,3.4348853116433e-4,540
4814,6.028055069402262e-5,4372
4815,3.9251672613435e-4,361
4816,1.7797827061434e-4,2470
4817,9.013852246880732e-5,3915
4818,1.8371068290452e-4,2388
4819,2.3098583677871e-4,1570
4820,5.1234823086483e-4,126
4821,1.0836392350836e-4,3609
4822,1.0033788046525e-4,3756
4823,6.288633949818666e-5,4344
4824,3.2493984932828e-4,641
4825,1.4265356557487e-4,3057
4826,2.3147187501004e-4,1562
4827,2.3566759976324e-4,1501
4828,2.4428983977728e-4,1395
4829,1.0909926485797e-4,3595
4830,2.9251154502218e-4,873
4831,3.1032339245198e-4,748
4832,1.8818813727396e-4,2305
4833,2.3068397530906e-4,1576
4834,2.1630200281042e-4,1785
4835,3.5602980450803e-4,483
4836,3.244784466537355e-5,4629
4837,2.1630200281042e-4,1785
4839,1.8505223864192e-4,2363
4840,3.400733744459225e-5,4623
4841,2.1190556259771e-4,1950
4842,4.112006086279e-4,291
4843,2.6381282126177e-4,1138
4844,1.2484221336675e-4,3340
4845,2.1521047090592e-4,1891
4846,4.5857547558298e-4,201
4847,3.4175096288424e-4,551
4848,2.2259644539726e-4,1692
4849,2.1862996451202e-4,1759
4850,2.2710497890691e-4,1625
4851,1.7115794565254e-4,2586
4852,8.985658263667772e-5,3921
4853,2.3051920669709e-4,1580
4854,8.309049315536041e-5,4041
4855,1.8703635379656e-4,2324
4856,8.120869578337776e-5,4064
4857,1.2317783611629e-4,3365
4858,1.8545594882036e-4,2352
4859,3.2246520582115e-4,660
4860,3.1354212093125e-4,727
4861,1.303209511964e-4,3250
4862,2.9765149976437e-4,838
4863,3.244784466537355e-5,4629
4864,3.834188318349847e-5,4590
4865,2.2330517867232e-4,1684
4866,1.713695767982e-4,2582
4867,8.804296079030938e-5,3951
4868,1.7567095570595e-4,2508
4905,6.924054696606831e-5,4247
4906,2.3215635629029e-4,1555
4907,3.3163914548038e-4,599
4908,1.4810269751708e-4,2958
4909,1.9809503059839e-4,2147
4910,2.8470326542363e-4,931
4911,1.7322833173141e-4,2550
4912,1.2411578678887e-4,3349
4913,3.003712223947e-4,816
4914,1.2360086682029e-4,3355
4915,1.4772231021121e-4,2963
4916,3.1135557836375e-4,742
4917,4.8983974477276096e-5,4505
4918,1.9248979253641e-4,2242
4919,1.8146473712469e-4,2421
4920,3.8239049069512584e-5,4591
4921,8.981296504084684e-5,3922
4922,1.4056754430006e-4,3094
4923,8.539599921750184e-5,4008
4924,3.7345911404525e-4,416
4925,1.9337014191644e-4,2229
4926,1.8587522114975e-4,2349
4927,1.3984372743764e-4,3106
4928,1.2149419553948e-4,3395
4929,8.922528140924297e-5,3929
4930,1.5152177381907e-4,2920
4931,1.44714720911e-4,3017
4932,1.0453304395352e-4,3675
4933,2.644393914809e-4,1128
4934,5.521103831170632e-5,4431
4935,7.644487808030468e-5,4135
4936,1.9325532309662e-4,2231
4937,1.9180981689761e-4,2253
4938,1.2769220109184e-4,3292
4939,1.424564837311e-4,3063
4940,3.2527910203027e-4,638
4941,2.3277852035984e-4,1550
4942,4.716026605666611e-5,4525
4943,9.25688130209467e-5,3875
4944,1.5763879068765e-4,2808
4945,1.6094334005482e-4,2753
4946,1.799903213535e-4,2447
4947,5.5816386037319e-4,85
4948,1.4613821037842e-4,2997
4949,5.1717971386054e-4,121
4950,1.0024769067215e-4,3761
4951,9.686721701477618e-5,3804
4952,1.0903512006768e-4,3598
4953,2.2999469960207e-4,1591
4954,1.3098088847191e-4,3245
4955,1.6052568243332e-4,2758
4956,1.1705595472385e-4,3465
4957,1.7330504692842e-4,2547
4958,2.2015420392616e-4,1731
4959,3.0512309617173e-4,782
4960,3.5249854961864e-4,495
4961,2.5084385787028e-4,1295
4962,1.9530567454175e-4,2200
4963,2.1920647839445e-4,1748
4964,2.437379699846e-4,1409
4965,4.8469859779763e-4,160
4966,3.2335409964501e-4,651
4967,1.3621677023029e-4,3163
4968,4.044651749838e-4,310
4969,2.131026877024e-4,1929
4970,2.9507134918231e-4,855
4971,1.3207886034435e-4,3226
4972,1.9495230499445e-4,2210
4973,2.2106511455348e-4,1715
4974,1.0137921199912e-4,3727
4975,1.8573221069341e-4,2350
4976,2.2037119814822e-4,1726
4977,2.1203991221397e-4,1947
4978,2.3128477805127e-4,1565
4979,2.5465293122573e-4,1237
4980,3.3246068461907e-4,592
4981,2.5436554946387e-4,1241
4982,1.4786912606385e-4,2962
4983,7.363090843845333e-5,4190
4984,2.8396469614807e-4,945
4985,1.1298275896764e-4,3533
4986,1.3259122167428e-4,3221
4987,5.039198300201e-4,135
4988,3.1722743957378e-4,697
4989,2.9659477903533e-4,846
4990,2.9067992225228e-4,885
4991,3.288739013248e-4,618
4992,1.6735119264994e-4,2653
4993,3.0750055644401e-4,769
4994,1.0524286757275e-4,3664
5033,1.6999578541852e-4,2606
5034,2.6229551902387e-4,1158
5035,2.1175163477018e-4,1953
5036,2.4934293899129e-4,1311
5037,1.5918451137067e-4,2781
5038,2.7682540811586e-4,1012
5039,1.5833916037923e-4,2796
5040,2.244160377553e-4,1663
5041,1.3491228954891e-4,3189
5042,3.5145746172838e-4,501
5043,1.5475808522924e-4,2855
5044,1.6266019450965e-4,2717
5045,2.6445491518877e-4,1127
5046,2.259994688716e-4,1644
5047,8.441779043734667e-5,4025
5048,1.7616313903811e-4,2497
5049,2.6963089689111e-4,1083
5050,2.5866453419627e-4,1190
5051,2.2018232007738e-4,1730
5063,3.438025855309908e-5,4619
5064,3.9719072276525e-4,340
5065,8.554770387526169e-5,4005
5066,1.7724242770545e-4,2483
5067,2.3809807729648e-4,1476
5068,4.062066519844e-4,306
5069,2.4886242438801e-4,1323
5070,3.5321667738309e-4,492
5071,1.7307525361016e-4,2556
5072,1.2151050297219e-4,3394
5073,1.3633950885256e-4,3161
5074,3.244784466537355e-5,4629
5075,6.4861382367269e-4,45
5076,1.3609360378777e-4,3166
5077,4.2315149527597e-4,253
5078,5.375051822659626e-5,4454
5079,2.2349454524839e-4,1681
5080,3.9682861681694e-4,343
5081,1.3513481218444e-4,3182
5082,2.9208479654344e-4,879
5083,2.4679242844402e-4,1345
5084,1.5507205020292e-4,2851
5085,2.4954754784541e-4,1310
5086,2.6891320911063e-4,1091
5087,2.0129937833456e-4,2105
5088,1.9356409706851e-4,2225
5089,2.3998540667408e-4,1457
5090,1.0077704195061e-4,3741
5091,2.850374117038e-4,930
5092,6.616554366666976e-5,4289
5093,9.59574790606452e-5,3825
5094,1.3851655565341e-4,3123
5095,2.195223839346e-4,1740
5096,1.4608020245347e-4,2999
5097,1.9762725273196e-4,2157
5108,2.3373424829708e-4,1535
5109,2.5870785050977e-4,1188
5110,1.1838628351388e-4,3444
5111,1.3893959321456e-4,3120
5112,5.469088729254672e-5,4436
5113,1.0155805132412e-4,3725
5114,2.4556371060521e-4,1371
5115,2.4915446497309e-4,1317
5116,1.5256097393117e-4,2900
5117,5.4228108034621e-4,100
5118,2.4315076855451e-4,1416
5119,1.4713000336887e-4,2973
5120,1.0598554324035e-4,3653
5121,6.4541713880525e-4,46
5122,2.5894241734878e-4,1183
5123,1.2964368148096e-4,3260
5124,3.1860999624771e-4,686
5125,3.865654586213309e-5,4589
5126,2.7206360773218e-4,1064
5127,6.615114364134673e-5,4290
5128,2.8646604449368e-4,914
5129,3.1712652321121e-4,699
5130,2.4423429441148e-4,1396
5131,1.6241087205325e-4,2726
5132,1.1335036934561e-4,3526
5133,3.2024001009981e-4,678
5134,3.1455170679293e-4,721
5135,2.5216338915393e-4,1276
5136,3.9368465087942e-4,355
5137,2.4080032889283e-4,1446
5138,2.4556400619258e-4,1370
5139,1.2968328841531e-4,3257
5140,2.9629366365923e-4,850
5141,2.0044150797357e-4,2117
5142,2.342513614787e-4,1526
5143,1.8877200744892e-4,2296
5144,1.4488007231285e-4,3016
5145,8.669991189239962e-5,3978
5146,1.9701875767651e-4,2172
5147,1.7038998884223e-4,2601
5148,1.9614247442396e-4,2187
5149,1.6571659650034e-4,2674
5150,2.055662293076e-4,2041
5151,2.6662387620817e-4,1111
5152,1.6663666828387e-4,2661
5153,1.8937132303906e-4,2290
5154,2.4742798735982e-4,1339
5155,1.3261467965234e-4,3220
5156,8.704375353617912e-5,3971
5157,2.445854576034e-4,1387
5158,2.8210712498581e-4,957
5159,1.2040116471409e-4,3412
5160,1.8028039983135e-4,2441
5161,3.8100146528975e-4,394
5162,4.9665397332804e-4,144
5163,1.0540498897281e-4,3663
5164,2.0652656323771e-4,2025
5165,1.2504937523232e-4,3332
5166,6.411628311267447e-5,4328
5167,1.5815134469592e-4,2800
5168,3.0318869917545e-4,793
5169,1.7392596773983e-4,2533
5170,9.838253552902802e-5,3780
5171,1.6267802598116e-4,2716
5172,4.1355245096583e-4,279
5173,2.1198548734109e-4,1948
5174,1.5203213885354e-4,2909
5175,2.2832139080128e-4,1608
5176,1.4466911489302e-4,3018
5177,3.9319335290004e-4,357
5178,7.029489563638977e-5,4234
5179,6.517626027581432e-5,4305
5180,8.326592900160772e-5,4039
5181,1.7855747255005e-4,2464
5182,7.474932735031717e-5,4161
5183,2.8406205083276e-4,942
5184,4.812675402317608e-5,4514
5185,1.2998676054003e-4,3253
5186,3.6395149636188e-4,456
5187,1.82102941591e-4,2412
5188,4.2941479933491e-4,245
5189,3.7021293189114e-4,429
5190,2.1934571842499e-4,1743
5191,1.9646225186081e-4,2181
5192,2.0138820708949e-4,2103
5193,3.7629009178995e-4,408
5194,2.3017173205426e-4,1585
5195,5.1101834733937195e-5,4486
5196,1.2147189124832e-4,3396
5206,1.3605815124737e-4,3169
5207,2.5092870891548e-4,1294
5208,2.1262078771135e-4,1933
5209,4.7400136369607e-4,172
5210,9.638487479825877e-5,3820
5211,3.709180890222e-4,425
5212,9.87513249888866e-5,3775
5213,3.3032034990175e-4,609
5214,1.113224922915e-4,3559
5215,1.5198800363423e-4,2911
5216,5.6555529903184e-4,82
5217,1.4043771283481e-4,3096
5218,1.2755069437684e-4,3295
5219,7.424136506521366e-5,4174
5220,8.146259972521196e-5,4061
5221,4.879405439616714e-5,4510
5222,1.6472908974782e-4,2685
5223,2.8826744455089e-4,903
5224,1.0900060665754e-4,3600
5225,1.8752025159896e-4,2315
5226,2.7547323414751e-4,1029
5227,1.7448815310833e-4,2521
5228,6.738704541381545e-5,4272
5229,1.736956255735e-4,2539
5230,2.4019670660079e-4,1454
5231,3.517662887190906e-5,4615
5232,2.7189856128727e-4,1065
5233,1.9732472179749e-4,2166
5234,1.5775511401781e-4,2805
5235,2.1026385881213e-4,1971
5236,1.1359718872357e-4,3521
5237,2.4334123578744e-4,1414
5238,1.4633514080519e-4,2992
5239,6.3378328637957e-4,49
5240,1.6877279306045e-4,2629
5241,3.2141431582282e-4,667
5242,8.356080195769355e-5,4035
5243,1.3318650023303e-4,3209
5244,2.8406474538755e-4,941
5245,2.8252694557722e-4,955
5246,1.6961758167479e-4,2614
5247,1.5162716226988e-4,2918
5248,1.3511297266582e-4,3184
5249,2.0352860602661e-4,2063
5250,9.611522790701251e-5,3823
5251,2.1796995117783e-4,1771
5252,4.2722657394717e-4,247
5273,2.5623362368788e-4,1221
5274,1.3534498272577e-4,3179
5275,2.7346294743628e-4,1053
5276,6.39972297967445e-5,4329
5277,2.9895366909597e-4,825
5278,2.4256327247047e-4,1422
5279,1.7118457149387e-4,2585
5280,8.630177788473354e-5,3990
5281,1.6622988815743e-4,2669
5282,2.396784035022e-4,1459
5283,2.8660781267757e-4,913
5284,3.3585778960801e-4,583
5285,1.3188004184258e-4,3229
5286,1.3932533182397e-4,3112
5287,2.9386184531635e-4,862
5288,1.2927421948492e-4,3267
5289,5.0371176752808e-4,137
5290,1.8032109595653e-4,2440
5291,2.4388880832875e-4,1402
5292,3.396914653237e-4,563
5293,6.847148818820556e-5,4256
5294,7.434434187447104e-5,4173
5295,1.0251048383081e-4,3715
5296,3.0131286447701e-4,807
5297,3.938498314295e-4,354
5298,1.4718887799046e-4,2972
5299,2.3481038442123e-4,1518
5300,1.5240408852462e-4,2903
5301,1.9221263002178e-4,2248
5302,4.2606898439473e-4,250
5303,1.4750734525754e-4,2967
5304,1.321874244739e-4,3224
5305,2.8878927796512e-4,898
5306,4.2642022515904e-4,248
5307,4.264141302543184e-5,4561
5308,8.556966128471177e-5,4004
5309,3.2891709635902e-4,617
5310,1.4907164341887e-4,2948
5311,1.9088999736796e-4,2267
5312,2.0010828793824e-4,2126
5314,1.2741315582727e-4,3299
5315,1.5507562281192e-4,2850
5316,2.6187713830811e-4,1160
5317,1.1730884621312e-4,3459
5318,1.7076388742582e-4,2593
5327,1.5951377741058e-4,2777
5328,4.1262737694233e-4,284
5329,1.2287301097882e-4,3371
5330,3.210119153507e-4,671
5331,3.6622312215606e-4,450
5332,3.1806796288105e-4,691
5333,1.0405363224277e-4,3682
5334,8.859180412727858e-5,3939
5335,2.2894671882847e-4,1601
5336,7.205762244586912e-5,4214
5337,2.6898444393548e-4,1090
5338,4.0043672327186e-4,324
5339,2.584737892443e-4,1191
5340,1.369601984019e-4,3148
5341,1.1074799543803e-4,3570
5342,1.2800032987808e-4,3287
5343,8.788259878101331e-5,3953
5344,1.5453542178377e-4,2860
5345,1.0656908702854e-4,3643
5346,1.1239393702308e-4,3544
5347,2.1339412517571e-4,1923
5348,3.3016889543082e-4,611
5349,3.3616373352386e-4,581
5350,2.0366888033525e-4,2060
5351,1.2682468231971e-4,3307
5352,1.6000217125715e-4,2764
5353,1.7325612207575e-4,2549
5354,1.1691010298012e-4,3468
5355,2.6784981318853e-4,1098
5356,2.1888101633924e-4,1754
5357,6.982981554166033e-5,4242
5358,1.3581449900739e-4,3172
5359,1.2696858079211e-4,3304
5360,3.2262219216268e-4,658
5361,2.8227127784286e-4,956
5362,2.3393206831589e-4,1530
5363,3.0994903348617e-4,755
5364,4.683552277645716e-5,4528
5365,2.3127264355892e-4,1567
5366,1.0351079644995e-4,3696
5367,9.861573065208682e-5,3776
5368,2.2771088536085e-4,1614
5369,3.9629348832535e-4,347
5370,2.1615771674951e-4,1880
5371,6.28636455374949e-5,4345
5372,1.6460753634022e-4,2688
5373,1.4349743215702e-4,3039
5374,9.001905529697316e-5,3916
5375,1.2803337822184e-4,3285
5376,5.8325276272431495e-5,4395
5377,2.1672281245518e-4,1778
5378,1.1637627980214e-4,3482
5379,1.186421697904e-4,3441
5380,1.3777253771457e-4,3137
5381,2.5253197179029e-4,1273
5382,1.5638073745038e-4,2829
5383,2.4284680272892e-4,1419
5384,1.7585503650698e-4,2506
5385,1.5844448884595e-4,2794
5386,2.0025082408612e-4,2121
5387,1.0057789686721e-4,3750
5388,1.351273137835e-4,3183
5389,1.0728060027394e-4,3626
5390,1.5887522720907e-4,2785
5391,2.7412154890874e-4,1044
5392,7.531404070267873e-5,4149
5393,1.1779949862655e-4,3452
5394,2.8469603010399e-4,932
5395,7.508108623538844e-5,4154
5396,1.9804977059271e-4,2148
5397,1.7669957105394e-4,2488
5398,1.4492719482644e-4,3014
5399,1.4028336619109e-4,3097
5400,1.7084358756311e-4,2592
5401,4.7182603883518e-4,175
5402,2.3093623950636e-4,1571
5403,1.8086672458927e-4,2433
5404,1.9325389146816e-4,2232
5405,6.743770794519793e-5,4271
5406,1.2470623190167e-4,3343
5407,1.8417122202176e-4,2380
5408,2.4388298572111e-4,1403
5409,2.2666280764206e-4,1635
5410,2.5835082682424e-4,1194
5411,2.0048801947373e-4,2115
5412,1.7199902927527e-4,2571
5413,1.2651664619917e-4,3310
5414,6.5969971893907e-4,42
5415,2.0729269125695e-4,2013
5416,9.048956244757318e-5,3910
5417,1.2500817879449e-4,3334
5418,2.1341214146317e-4,1921
5419,2.0141394958454e-4,2102
5420,1.9243269030071e-4,2243
5421,1.9739575081299e-4,2163
5422,1.94043443704e-4,2218
5423,1.1281204578182e-4,3536
5424,2.7165871426018e-4,1067
5425,0.00021431502941415001,1907
5426,3.8499477689871e-4,382
5427,2.5023307205305e-4,1303
5428,2.8528713533842e-4,926
5429,2.1879281758748e-4,1756
5430,1.3509903221261e-4,3185
5431,1.0551632953132e-4,3661
5432,9.545902949122764e-5,3833
5433,3.6566248985975e-4,452
5434,9.998828150262952e-5,3764
5435,1.604304738288e-4,2760
5436,2.1327286663679e-4,1926
5437,7.312198876529416e-5,4196
5438,2.0108374838798e-4,2109
5439,1.9581893447436e-4,2192
5440,3.4309830081964e-4,543
5441,8.8797277281893e-4,8
5442,2.5369782939691e-4,1253
5443,1.9102478743449e-4,2264
5444,7.4310051834223e-4,19
5445,9.221527956233428e-5,3879
5446,1.4708791946166e-4,2975
5447,2.2657441071595e-4,1636
5448,1.0786288446012e-4,3618
5449,1.5324924119813e-4,2882
5450,2.1153071680125e-4,1955
5451,2.0161442965092e-4,2098
5452,6.457001470324693e-5,4319
5453,3.053905677139e-4,780
5454,1.2493500744732e-4,3337
5455,1.4092415901949e-4,3093
5456,7.462697247843628e-5,4165
5457,2.2018259329459e-4,1729
5458,1.7254019031829e-4,2565
5459,3.0623238916741e-4,775
5460,2.5380999753629e-4,1248
5461,1.0970175340298e-4,3587
5462,5.8236597307211e-4,72
5463,2.9013753626926e-4,891
5464,1.0563074403999e-4,3657
5465,1.9616391549717e-4,2186
5466,4.6940629146033e-4,177
5467,3.1519390753405e-4,717
5468,2.8772339159738e-4,906
5469,1.3638791995106e-4,3160
5470,1.4688133540959e-4,2979
5471,1.0246460513589e-4,3716
5472,4.4707178003123e-4,217
5473,4.0316237993177e-4,316
5474,1.1776104369775e-4,3453
5475,2.9517363412061e-4,854
5476,1.8537845450102e-4,2354
5477,7.375383788546931e-5,4187
5478,8.24999259396191e-5,4048
5479,4.729328470149645e-5,4524
5480,3.420935283297e-4,550
5481,1.7108921334418e-4,2588
5504,3.5406804386554e-4,486
5505,1.3126166227649e-4,3241
5506,2.140144345949e-4,1911
5507,2.5924700057189e-4,1180
5508,2.3122840430336e-4,1568
5509,3.9318078499514e-4,358
5510,1.3183887071782e-4,3230
5511,1.8606989181675e-4,2344
5512,2.5131785402453e-4,1283
5513,2.568892383362e-4,1211
5514,2.1079675590173e-4,1967
5515,1.9785628949646e-4,2153
5516,1.5931643651532e-4,2779
5517,1.5874787721004e-4,2788
5518,1.6490080818219e-4,2682
5519,3.1534443850858e-4,713
5520,2.8024885438153e-4,973
5521,1.9263935683096e-4,2240
5522,1.4806618578014e-4,2959
5534,1.456338186907e-4,3003
5535,2.0761287444712e-4,2008
5536,1.8768391412901e-4,2313
5537,3.3937828799121e-4,566
5538,1.8891942783546e-4,2294
5539,2.0396384359967e-4,2053
5540,3.1166015873957e-4,738
5541,1.8169847024553e-4,2417
5542,2.8102550040877e-4,963
5543,2.2207479597195e-4,1702
5544,1.7414575627467e-4,2531
5545,7.878282611518034e-5,4101
5546,1.8653290263764e-4,2333
5547,5.887611989557541e-5,4390
5548,2.7464219020063e-4,1040
5549,2.5736122546291e-4,1206
5550,8.19994809333217e-5,4052
5551,2.2122503683137e-4,1711
5552,1.8213834210275e-4,2410
5554,2.1949794220179e-4,1741
